구,동,상권명,면적,점포수,점포밀도
중구,신당동,청평화시장,14440,11345.0,0.7857
중구,신당동,동평화시장,8633,3292.0,0.3813
중구,신당동,테크노상가(엘리시움),10175,3841.0,0.3775
중구,신당동,"평화시장(남평화시장, 제일평화시장, 신평화패션타운)",36213,11574.0,0.3196
중랑구,신내2동,신아타운,5817,892.0,0.1533
중구,신당동,team204(팀204),4222,574.0,0.136
중구,회현동,삼익패션타운(남대문시장),17829,2403.0,0.1348
중구,회현동,남대문시장(자유상가),78068,9816.0,0.1257
종로구,창신1동,동대문상가C동,6896,800.0,0.116
영등포구,영등포동,동남상가,1854,209.0,0.1127
종로구,종로1·2·3·4가동,낙원시장(낙원지하시장(대일상가)),8689,911.0,0.1048
중구,광희동,동대문패션타운 관광특구,606058,55991.0,0.0924
중구,회현동,숭례문수입상가(남대문시장),7685,663.0,0.0863
용산구,용산2가동,신흥시장,3810,328.0,0.0861
은평구,대조동,제일시장,21253,1811.0,0.0852
강남구,청담동,청담삼익시장,7529,595.0,0.079
종로구,창신1동,동문시장,8177,645.0,0.0789
중구,을지로동,대림상가(청계상가),11005,857.0,0.0779
종로구,창신1동,동대문상가A동,4486,340.0,0.0758
종로구,창신1동,동대문상가B동,4841,359.0,0.0742
동대문구,제기동,경동시장,21323,1554.0,0.0729
중구,광희동,"평화시장(통일상가, 동화상가)",133610,8976.0,0.0672
강북구,수유1동,수유프라자,2065,137.0,0.0663
종로구,종로1·2·3·4가동,세운상가가동,17110,1119.0,0.0654
영등포구,영등포동,영신상가(제일상가),5196,332.0,0.0639
중구,소공동,롯데백화점(시청광장 지하쇼핑센터),75261,4677.0,0.0621
중구,신당동,신당역,198976,11950.0,0.0601
서대문구,신촌동,이대 앞 스타트업 상점가,7526,449.0,0.0597
용산구,이촌1동,이촌종합시장,7486,442.0,0.059
용산구,이태원1동,이태원시장,10573,621.0,0.0587
동대문구,제기동,동서시장,4579,267.0,0.0583
강남구,압구정동,신사상가,2739,150.0,0.0548
마포구,공덕동,공덕시장,7426,400.0,0.0539
강남구,개포2동,강남개포시장,25364,1314.0,0.0518
노원구,중계본동,은행사거리,61587,3183.0,0.0517
관악구,신원동,관악종합시장(신원시장),2721,137.0,0.0503
관악구,서림동,신림현대종합상가,3964,199.0,0.0502
은평구,불광2동,연서시장,21658,1060.0,0.0489
동작구,흑석동,흑석시장,2989,139.0,0.0465
서초구,서초1동,교대역(법원.검찰청),396531,18407.0,0.0464
중랑구,신내1동,동성타워프라자,4108,190.0,0.0463
영등포구,영등포동,삼구시장(로타리상가),5729,264.0,0.0461
강남구,신사동,강남시장(강남구 강남시장),3961,170.0,0.0429
종로구,종로1·2·3·4가동,종로3가역,401520,16808.0,0.0419
영등포구,당산1동,영등포구청역 2번,33508,1377.0,0.0411
마포구,서교동,홍대 걷고싶은 거리,58130,2275.0,0.0391
성동구,금호2·3가동,금남시장,11274,434.0,0.0385
노원구,중계2·3동,시영B상가(중계 그린아파트 B 상가),8516,325.0,0.0382
성동구,성수2가1동,뚝도시장,21456,820.0,0.0382
송파구,문정2동,장지역(가든파이브),211338,8055.0,0.0381
동대문구,제기동,청량리청과물시장,28297,1072.0,0.0379
강남구,대치4동,한티역,112734,4265.0,0.0378
송파구,문정2동,문정역,333436,12572.0,0.0377
강남구,수서동,수서역,60183,2254.0,0.0375
마포구,공덕동,마포시장,9701,359.0,0.037
서대문구,남가좌2동,백련시장,2130,78.0,0.0366
성북구,길음1동,길음시장,7946,289.0,0.0364
마포구,아현동,공덕래미안3차아파트,7972,288.0,0.0361
노원구,상계2동,노원역,267693,9642.0,0.036
종로구,종로1·2·3·4가동,광장시장(광장전통시장),66373,2392.0,0.036
서초구,반포본동,구반포역,28724,1029.0,0.0358
구로구,고척2동,개봉프라자(고척근린시장),2954,105.0,0.0355
마포구,서교동,홍대소상공인상점가,35891,1271.0,0.0354
광진구,구의3동,강변역(테크노마트),127108,4474.0,0.0352
서대문구,홍제3동,인왕시장(홍제골목형상점가),22776,801.0,0.0352
성북구,삼선동,돈암시장(돈암제일시장),20332,710.0,0.0349
중구,소공동,명동 남대문 북창동 다동 무교동 관광특구,983618,34279.0,0.0348
양천구,신정3동,신정3동 골목시장,4699,162.0,0.0345
강남구,대치4동,선릉역,360434,12232.0,0.0339
노원구,상계6·7동,상계주공1단지(가)상가,6758,228.0,0.0337
동작구,노량진1동,만양로상점가,4662,157.0,0.0337
서초구,서초2동,강남역,617547,20788.0,0.0337
서대문구,신촌동,"이화여대 3,5,7길 상점가",55638,1849.0,0.0332
강동구,천호2동,천호역,215270,7103.0,0.033
송파구,잠실본동,잠실새내역(신천),238047,7821.0,0.0329
강서구,방화1동,방신전통시장,18960,621.0,0.0328
종로구,종로5·6가동,"동대문종합시장(동대문종합시장 신관, 동대문종합시장D동상가)",39355,1286.0,0.0327
강남구,역삼2동,도곡시장,7462,240.0,0.0322
구로구,구로4동,구로시장,13770,441.0,0.032
강동구,천호2동,로데오거리상점가,56564,1766.0,0.0312
중랑구,중화2동,태능엔터피아(태릉시장),4443,138.0,0.0311
노원구,상계9동,마들역,38976,1210.0,0.031
동대문구,답십리2동,자동차부품상가,56649,1758.0,0.031
강서구,발산1동,송화벽화시장(송화골목시장),30423,940.0,0.0309
노원구,중계4동,중계초등학교,11185,343.0,0.0307
동작구,사당2동,남성사계시장(남성시장),43008,1320.0,0.0307
성동구,사근동,"한양대앞상점가(한양시장, 왕십리맛골목)",23243,703.0,0.0302
동작구,신대방2동,보라매공원,119689,3605.0,0.0301
관악구,서원동,서원동상점가,60026,1794.0,0.0299
동대문구,제기동,경동광성상가(경동시장),20976,628.0,0.0299
용산구,한강로동,용산전자상가(용산역),365025,10903.0,0.0299
강서구,가양1동,마곡역(마곡),232166,6908.0,0.0298
서초구,반포4동,고속터미널(고속터미널역),320815,9466.0,0.0295
서초구,서초3동,서초역,242820,7152.0,0.0295
강남구,역삼1동,뱅뱅사거리,317600,9329.0,0.0294
성동구,금호2·3가동,신금호역 골목형상점가,15024,440.0,0.0293
중구,광희동,중부시장(신중부시장),92243,2701.0,0.0293
강북구,수유1동,"수유전통시장(수유시장, 수유골목시장)",37023,1081.0,0.0292
강남구,논현2동,강남구청역,173252,5018.0,0.029
중구,명동,명동(명동거리),221515,6414.0,0.029
동대문구,제기동,청량리종합시장,24349,704.0,0.0289
은평구,증산동,증산종합시장,8072,233.0,0.0289
은평구,응암2동,응암시장(신응암시장),8255,238.0,0.0288
중구,광희동,인현시장,19722,566.0,0.0287
강서구,화곡8동,까치산시장,39544,1127.0,0.0285
용산구,용문동,용산용문시장,40246,1149.0,0.0285
강북구,삼양동,동북프라자,8454,240.0,0.0284
관악구,난곡동,우림시장,6466,183.0,0.0283
중구,황학동,서울중앙시장(신중앙시장),70002,1982.0,0.0283
동대문구,제기동,청량리농수산물시장,32477,916.0,0.0282
영등포구,신길1동,대신시장,8116,227.0,0.028
종로구,창신1동,동대문상가D동,8494,238.0,0.028
도봉구,창4동,창동역상점가,33628,939.0,0.0279
동대문구,회기동,경희대학교(경희대),48567,1351.0,0.0278
강남구,삼성2동,포스코사거리,318626,8815.0,0.0277
관악구,삼성동,삼성동 시장(삼성동시장),13340,369.0,0.0277
서대문구,신촌동,신촌 상인회(신촌상점가),6147,170.0,0.0277
강서구,가양1동,발산역(마곡),417076,11530.0,0.0276
송파구,가락본동,가락시장역,165196,4558.0,0.0276
종로구,창신1동,동묘앞역(동묘),71198,1962.0,0.0276
관악구,행운동,관악중부시장,27900,767.0,0.0275
관악구,신원동,신원시장,26568,726.0,0.0273
중구,명동,서울시청,88816,2428.0,0.0273
구로구,구로4동,남구로시장,45490,1235.0,0.0271
종로구,종로1·2·3·4가동,인사동,182319,4916.0,0.027
종로구,종로1·2·3·4가동,종로·청계 관광특구,653127,17426.0,0.0267
강서구,등촌3동,가양역 10번,29342,781.0,0.0266
은평구,응암3동,"대림골목시장(대림시장, 양지시장)",25330,669.0,0.0264
관악구,청룡동,봉천제일종합시장,3079,81.0,0.0263
마포구,아현동,아현시장,27671,727.0,0.0263
강남구,압구정동,압구정로데오역(압구정로데오),265702,6968.0,0.0262
노원구,중계4동,상계역,55707,1455.0,0.0261
마포구,서교동,홍대입구역(홍대),461923,12074.0,0.0261
은평구,갈현1동,연신내상점가(연빛거리),100156,2617.0,0.0261
도봉구,쌍문4동,발바닥공원,10355,269.0,0.026
서초구,양재1동,양재시장,8409,218.0,0.0259
중랑구,상봉2동,중랑동부시장(중랑교종합상가),7887,204.0,0.0259
강남구,역삼1동,역삼역,562807,14500.0,0.0258
송파구,석촌동,석촌시장,46711,1205.0,0.0258
강남구,신사동,압구정역,251746,6479.0,0.0257
강남구,삼성1동,봉은사역,124926,3188.0,0.0255
영등포구,여의동,63빌딩,40709,1033.0,0.0254
동대문구,제기동,청량리전통시장,30889,783.0,0.0253
성동구,성수1가2동,뚝섬역상점가,56166,1413.0,0.0252
강동구,명일2동,고덕역,92407,2320.0,0.0251
종로구,종로1·2·3·4가동,종각역,270326,6786.0,0.0251
구로구,구로5동,신도림역,251389,6275.0,0.025
동작구,사당1동,사당1동먹자골목상점가(사당1동먹자골목),40304,1003.0,0.0249
마포구,연남동,동진시장,4091,102.0,0.0249
송파구,마천2동,마천시장,9557,238.0,0.0249
용산구,이촌1동,이촌동점보아파트,14864,370.0,0.0249
광진구,중곡4동,신성시장(신성골목시장),16181,401.0,0.0248
구로구,구로2동,구로역,657519,16295.0,0.0248
중구,광희동,동대문역사문화공원역,370638,9180.0,0.0248
중랑구,면목3·8동,사가정역,35712,886.0,0.0248
송파구,방이1동,방이역,45610,1126.0,0.0247
송파구,방이2동,방이동먹자골목,146694,3617.0,0.0247
종로구,종로5·6가동,종로신진시장,45117,1113.0,0.0247
서대문구,신촌동,"신촌역(신촌역, 신촌로터리)",343829,8463.0,0.0246
강서구,화곡본동,화곡본동시장,21265,516.0,0.0243
강남구,신사동,가로수길,256688,6218.0,0.0242
동작구,사당4동,남성역골목시장,29047,702.0,0.0242
구로구,고척1동,고척프라자,6013,145.0,0.0241
강북구,송중동,미아사거리역,94178,2257.0,0.024
강동구,암사1동,암사종합시장,37201,889.0,0.0239
강동구,천호1동,굽은다리역,94552,2251.0,0.0238
강북구,번1동,강북북부시장,4209,100.0,0.0238
양천구,목3동,목동깨비시장(목3동시장),52508,1252.0,0.0238
양천구,신정1동,신정1동 골목시장(신정제일시장),15853,378.0,0.0238
성동구,마장동,마장축산물시장,218303,5176.0,0.0237
마포구,서강동,상수역(홍대),102057,2408.0,0.0236
서초구,서초3동,교대입구교차로,222734,5252.0,0.0236
양천구,신정1동,서울남부지방법원,112835,2667.0,0.0236
영등포구,영등포동,남서울상가,3391,80.0,0.0236
마포구,용강동,마포역,136724,3206.0,0.0234
성동구,왕십리도선동,왕십리도선동상점가,86695,2030.0,0.0234
성북구,동선동,성신여대,197286,4613.0,0.0234
강남구,논현1동,영동전통시장,39097,910.0,0.0233
관악구,은천동,봉일시장,4844,113.0,0.0233
광진구,화양동,건대입구역(건대),275082,6397.0,0.0233
종로구,종로1·2·3·4가동,종로4가,115988,2698.0,0.0233
종로구,창신2동,창신골목시장,24588,574.0,0.0233
강남구,역삼1동,강남언주로,22922,530.0,0.0231
마포구,서교동,홍대입구역 3번,49371,1138.0,0.023
성북구,길음2동,미아사거리,90503,2081.0,0.023
구로구,고척1동,고척골목시장상점가(그라운드 고척),17693,405.0,0.0229
송파구,마천2동,마천중앙시장,33745,771.0,0.0228
강남구,논현1동,신논현역,382392,8676.0,0.0227
강동구,강일동,강일동주민센터,29486,670.0,0.0227
성동구,금호1가동,금호삼성래미안아파트,29788,676.0,0.0227
성동구,성수2가3동,성수역 골목형상점가,10659,241.0,0.0226
양천구,신월6동,신곡종합시장(신월6동 골목시장),20768,470.0,0.0226
동작구,상도1동,강남시장(동작구 강남시장),2889,65.0,0.0225
마포구,서교동,서교시장,5460,123.0,0.0225
광진구,중곡1동,"중곡제일시장(중곡제일골목시장, 광성시장)",41751,937.0,0.0224
양천구,신월1동,신영시장,45406,1011.0,0.0223
용산구,청파동,만리시장,6775,151.0,0.0223
중구,명동,명동역(명동재미로),157156,3509.0,0.0223
구로구,고척2동,고척근린시장,29145,644.0,0.0221
영등포구,당산1동,영등포유통상가,47667,1053.0,0.0221
관악구,인헌동,인헌시장(원당종합시장),42171,929.0,0.022
마포구,연남동,연남동(홍대),437447,9612.0,0.022
구로구,구로5동,구로구청,84927,1864.0,0.0219
마포구,도화동,도화동 상점가,101880,2226.0,0.0218
양천구,목1동,목동신시가지,421429,9130.0,0.0217
강북구,수유3동,수유역,297339,6415.0,0.0216
관악구,청룡동,영림시장,72197,1559.0,0.0216
도봉구,창5동,창동역,96097,2073.0,0.0216
서대문구,충현동,충정로역 3번,16657,359.0,0.0216
강남구,대치4동,도성초등학교,72437,1561.0,0.0215
마포구,서강동,홍대땡땡거리,84934,1824.0,0.0215
서초구,잠원동,신사역,353066,7568.0,0.0214
중구,약수동,약수시장,28173,603.0,0.0214
구로구,구로3동,구로디지털단지,460289,9769.0,0.0212
관악구,조원동,신림중앙시장(조원동 펭귄시장),7150,151.0,0.0211
영등포구,당산1동,영등포구청역,208631,4394.0,0.0211
강동구,성내3동,둔촌역,165420,3478.0,0.021
강북구,삼각산동,"솔샘시장(미아6,7동골목시장)",21168,445.0,0.021
서대문구,연희동,연희사러가,4763,100.0,0.021
서초구,서초1동,남부터미널역,259951,5450.0,0.021
송파구,잠실본동,새마을시장,79375,1661.0,0.0209
영등포구,신길3동,신동시장,4593,96.0,0.0209
중구,신당5동,백학시장,42212,883.0,0.0209
강동구,고덕2동,고덕 골목형상점가,29082,604.0,0.0208
강북구,미아동,미아역,93348,1944.0,0.0208
동작구,흑석동,흑리단길,29278,608.0,0.0208
관악구,신림동,신림역(신림),237915,4926.0,0.0207
종로구,창신1동,동대문역,58788,1217.0,0.0207
중랑구,면목2동,중랑동부시장,50468,1045.0,0.0207
강남구,역삼1동,르네상스호텔사거리,160960,3308.0,0.0206
강남구,청담동,학동사거리,266597,5495.0,0.0206
마포구,아현동,아현역 4번,14177,292.0,0.0206
영등포구,양평1동,양평역,36584,753.0,0.0206
중구,신당동,신당 미래유산 먹거리 골목형상점가,10196,210.0,0.0206
중랑구,면목3·8동,사가정시장,59114,1217.0,0.0206
금천구,시흥1동,대명여울빛거리시장(대명시장),51350,1052.0,0.0205
성동구,성수2가3동,성수역,298939,6136.0,0.0205
양천구,신정4동,목동역 8번출구,126667,2592.0,0.0205
강남구,대치4동,은마아파트,149660,3058.0,0.0204
강남구,삼성2동,강남구보훈회관,19865,406.0,0.0204
강남구,압구정동,성수대교남단,126830,2591.0,0.0204
강서구,화곡3동,대원종합시장,3092,63.0,0.0204
관악구,청룡동,서울대입구역,235418,4813.0,0.0204
광진구,화양동,화양제일골목시장,18616,380.0,0.0204
노원구,중계2·3동,등나무근린공원,125820,2566.0,0.0204
마포구,망원2동,망원월드컵시장,30025,613.0,0.0204
광진구,중곡3동,면곡골목시장,7793,158.0,0.0203
송파구,방이1동,방이동고분군(방산고등학교),28997,590.0,0.0203
강동구,암사2동,암사역,80605,1628.0,0.0202
동작구,사당2동,"총신대입구역(이수, 총신대)",246965,4997.0,0.0202
송파구,가락본동,문정동 로데오거리 상점가(문정동 로데오거리),75829,1521.0,0.0201
영등포구,영등포동,영등포시장역 3번,10464,210.0,0.0201
종로구,종로1·2·3·4가동,창덕궁,40999,826.0,0.0201
광진구,자양4동,조양시장,5328,106.0,0.0199
동대문구,답십리2동,답십리시장,22189,441.0,0.0199
양천구,목1동,오목교역,140753,2802.0,0.0199
영등포구,영등포동,영등포역(영등포),404780,8045.0,0.0199
용산구,이태원1동,이태원(이태원역),283429,5645.0,0.0199
동작구,노량진1동,노량진중앙시장,10864,215.0,0.0198
마포구,망원1동,망원역,67876,1345.0,0.0198
양천구,신월1동,서서울 골목형상점가,20663,410.0,0.0198
성동구,성수1가2동,서울숲카페거리,34852,687.0,0.0197
영등포구,대림3동,대림역,142571,2811.0,0.0197
종로구,종로5·6가동,마전교지하쇼핑센터(구 한일상가),4469,88.0,0.0197
중랑구,면목본동,"동원전통종합시장(동원시장, 동원전통시장 상점가)",90850,1778.0,0.0196
동대문구,답십리2동,답십리현대시장,18344,357.0,0.0195
양천구,신월2동,경창시장,31087,607.0,0.0195
도봉구,창1동,쌍문역동측상점가,33857,657.0,0.0194
서초구,반포4동,삼호가든사거리,100858,1961.0,0.0194
서초구,방배본동,방배동사이길,26478,514.0,0.0194
성북구,삼선동,성북구청,50039,973.0,0.0194
송파구,가락1동,가락시장,615953,11979.0,0.0194
성동구,금호4가동,금호역,61031,1180.0,0.0193
강서구,화곡4동,"남부골목시장(남부화곡시장, 남부시장)",81027,1556.0,0.0192
종로구,종로5·6가동,종로5가역,136026,2612.0,0.0192
중구,필동,충무로역,236516,4551.0,0.0192
강동구,명일1동,명일역,143099,2728.0,0.0191
동작구,신대방1동,신대방1동골목상권,21868,417.0,0.0191
영등포구,양평2동,당산역 13번,9756,186.0,0.0191
영등포구,여의동,여의도역(여의도),598658,11401.0,0.019
종로구,사직동,광화문역,394522,7480.0,0.019
마포구,용강동,용강동주민센터,26040,493.0,0.0189
강남구,논현1동,논현역,321182,6053.0,0.0188
강서구,등촌3동,신월중앙시장,6449,121.0,0.0188
광진구,구의1동,구의역,158734,2988.0,0.0188
성북구,안암동,안암역,27617,518.0,0.0188
광진구,자양4동,능동로골목시장,28990,541.0,0.0187
금천구,시흥1동,비단길현대시장(현대시장),71349,1331.0,0.0187
동대문구,회기동,회기시장,32212,601.0,0.0187
은평구,불광1동,불광먹자골목 골목형상점가,45981,858.0,0.0187
종로구,청운효자동,통인시장,38280,717.0,0.0187
동대문구,전농1동,전농로터리시장,21809,406.0,0.0186
강동구,길동,길동복조리시장,29464,545.0,0.0185
강동구,성내3동,둔촌역전통시장,36613,676.0,0.0185
강서구,가양3동,강서구청가양동별관,10388,192.0,0.0185
송파구,잠실4동,잠실나루역,25839,477.0,0.0185
노원구,공릉1동,태릉입구역,72480,1331.0,0.0184
서대문구,연희동,연희동,111829,2058.0,0.0184
서초구,방배1동,방배역,193617,3562.0,0.0184
강남구,삼성1동,강남 마이스 관광특구,237892,4360.0,0.0183
용산구,이태원1동,이태원 관광특구,372565,6812.0,0.0183
중구,을지로동,을지로3가역,254774,4645.0,0.0182
중구,황학동,"황학시장(서울중앙시장, 신중앙시장)",39709,722.0,0.0182
은평구,갈현2동,구산역,59372,1073.0,0.0181
중구,필동,필동 골목형상점가,2212,40.0,0.0181
동대문구,장안2동,장안동사거리,219588,3956.0,0.018
송파구,잠실6동,잠실역,526867,9480.0,0.018
종로구,사직동,세종마을음식문화거리(금천교시장),49557,894.0,0.018
금천구,시흥1동,서울시흥동우체국(홈플러스시흥점),56376,1005.0,0.0178
동작구,상도3동,성대전통시장(성대시장),53092,943.0,0.0178
관악구,미성동,미성동 도깨비시장 골목형상점가,24874,440.0,0.0177
서대문구,남가좌1동,모래내시장(서중시장),24841,440.0,0.0177
송파구,가락2동,개롱역,107416,1902.0,0.0177
용산구,한강로동,용산세무서,8437,149.0,0.0177
종로구,숭인2동,동묘시장(동묘벼룩시장),31213,551.0,0.0177
중랑구,면목7동,면목골목시장(면목시장),60053,1060.0,0.0177
강남구,청담동,청담사거리(청담동명품거리),331337,5844.0,0.0176
도봉구,방학2동,방학동도깨비시장,42546,748.0,0.0176
마포구,도화동,공덕역(공덕오거리),192218,3374.0,0.0176
성동구,옥수동,옥수역 6번,34682,612.0,0.0176
은평구,응암3동,응암오거리상점가,53602,941.0,0.0176
광진구,구의3동,올림픽대교북단,47188,827.0,0.0175
서대문구,홍제1동,홍제역,100614,1763.0,0.0175
서초구,반포4동,서래마을카페거리(서래마을),108614,1897.0,0.0175
송파구,방이2동,몽촌토성역,115003,2012.0,0.0175
용산구,남영동,남영동 먹자골목,66870,1167.0,0.0175
구로구,가리봉동,가리봉시장,20139,351.0,0.0174
서초구,방배2동,사당역(사당),254257,4419.0,0.0174
양천구,목2동,목2동시장,42782,745.0,0.0174
강동구,천호3동,고분다리전통시장,20499,355.0,0.0173
서대문구,북아현동,아현역 1번,17473,303.0,0.0173
송파구,석촌동,송파사거리(송파역),102341,1775.0,0.0173
금천구,가산동,가산디지털단지,1713620,29445.0,0.0172
광진구,군자동,어린이대공원역,145202,2486.0,0.0171
금천구,독산1동,독산동 우시장,63392,1082.0,0.0171
노원구,공릉1동,공릉동 도깨비시장,57720,987.0,0.0171
서초구,양재2동,포이사거리(삼호물산),351949,6032.0,0.0171
영등포구,당산2동,당산반도유보라팰리스아파트,35052,599.0,0.0171
강동구,길동,길동역,242674,4126.0,0.017
마포구,서교동,합정역,251511,4288.0,0.017
양천구,신월7동,"신월7동 골목시장(약수시장, 우성상가)",13685,233.0,0.017
양천구,신정1동,신서초등학교,31057,529.0,0.017
강남구,개포2동,개포고등학교,61589,1042.0,0.0169
서초구,도곡1동,양재역,348405,5884.0,0.0169
양천구,신정4동,신정네거리역,184201,3120.0,0.0169
영등포구,당산2동,당산역,155541,2624.0,0.0169
영등포구,대림2동,대림중앙시장,47326,801.0,0.0169
중랑구,망우본동,우림골목시장,78310,1325.0,0.0169
강남구,압구정동,강남을지병원,295195,4952.0,0.0168
마포구,서교동,경의선책거리,156743,2641.0,0.0168
서초구,방배본동,남부종합시장,6658,112.0,0.0168
은평구,대조동,대조시장,54016,910.0,0.0168
중구,을지로동,방산종합시장(방산시장),99727,1677.0,0.0168
강북구,수유3동,강북종합전통시장(강북종합골목시장),74901,1254.0,0.0167
구로구,구로3동,구로디지털단지역,168688,2816.0,0.0167
마포구,망원1동,망원시장,42916,715.0,0.0167
서초구,방배4동,내방역,212543,3539.0,0.0167
강동구,성내2동,성내전통시장,31651,525.0,0.0166
성북구,삼선동,한성대입구역,80065,1333.0,0.0166
성북구,정릉3동,정릉시장,53318,881.0,0.0165
영등포구,대림1동,우리시장,16285,269.0,0.0165
영등포구,신길6동,KT대방빌딩,8947,148.0,0.0165
용산구,원효로1동,열정도,18090,299.0,0.0165
은평구,수색동,수일시장,11753,194.0,0.0165
종로구,종로1·2·3·4가동,종로구청,124067,2043.0,0.0165
강남구,대치2동,삼성역,356337,5835.0,0.0164
강남구,압구정동,도산공원북측,10044,165.0,0.0164
강남구,청담동,"강남구청(청담역_8번, 강남세무서)",134148,2196.0,0.0164
강북구,송천동,숭인시장,32450,533.0,0.0164
성동구,성수2가1동,성수동카페거리,131865,2159.0,0.0164
종로구,창신1동,동대문문구완구거리(동대문문구완구시장),38586,631.0,0.0164
강남구,도곡2동,매봉역,122443,2001.0,0.0163
강서구,화곡1동,까치산역,104596,1707.0,0.0163
노원구,공릉2동,서울과학기술대,17818,291.0,0.0163
노원구,상계6·7동,상계백병원,38882,632.0,0.0163
용산구,원효로1동,남정초등학교,18065,292.0,0.0162
강남구,논현2동,언주역(차병원),242446,3895.0,0.0161
관악구,행운동,관악우성아파트,23731,382.0,0.0161
영등포구,대림2동,대림중앙 골목형상점가,19474,314.0,0.0161
영등포구,신길6동,영진시장A동,6326,102.0,0.0161
중구,다산동,약수역,136837,2201.0,0.0161
강서구,화곡1동,화곡역,136057,2175.0,0.016
관악구,조원동,강남골목시장,14823,237.0,0.016
마포구,합정동,성산중학교,100801,1614.0,0.016
은평구,진관동,구파발역,130434,2093.0,0.016
동작구,대방동,신대방삼거리역,112198,1780.0,0.0159
광진구,군자동,군자역,288693,4562.0,0.0158
마포구,상암동,상암동상점가,127514,2019.0,0.0158
강서구,방화2동,개화산역 1번,21731,341.0,0.0157
동작구,상도4동,상도약수골목형상점가,15512,244.0,0.0157
서대문구,홍은1동,포방터시장,28614,448.0,0.0157
강남구,삼성2동,선정릉역,323475,5031.0,0.0156
구로구,고척1동,그라운드 고척,44173,687.0,0.0156
노원구,상계5동,상계중앙시장,52463,819.0,0.0156
동작구,노량진1동,노량진역(노량진),443826,6918.0,0.0156
동작구,상도1동,상도전통시장,48100,749.0,0.0156
강동구,명일1동,명일전통시장,27547,427.0,0.0155
서대문구,신촌동,"이화여대(이대역, 이대)",151417,2348.0,0.0155
송파구,송파1동,석촌역(석촌호수),228150,3540.0,0.0155
종로구,창신1동,동대문역 3번,9161,142.0,0.0155
성동구,성수1가2동,뚝섬역,218163,3362.0,0.0154
송파구,거여2동,거여역,94954,1464.0,0.0154
은평구,불광1동,연신내역,134415,2072.0,0.0154
중구,명동,을지로입구역,200306,3086.0,0.0154
광진구,자양4동,노룬산시장(노룬산골목시장),10816,165.0,0.0153
종로구,혜화동,대학로(혜화역),256888,3937.0,0.0153
강남구,대치4동,대치사거리,159411,2421.0,0.0152
구로구,구로4동,남구로역 5번,83115,1261.0,0.0152
구로구,오류1동,오류시장,20163,306.0,0.0152
영등포구,당산1동,영등포구청역 6번,47293,720.0,0.0152
영등포구,당산1동,영등포청과시장교차로,80055,1220.0,0.0152
강남구,역삼1동,구역삼세무서,291470,4395.0,0.0151
동작구,사당4동,사당시장,5844,88.0,0.0151
서대문구,천연동,영천시장,41803,633.0,0.0151
성동구,마장동,마장지하차도,22524,339.0,0.0151
성동구,행당1동,행당시장상점가,81008,1225.0,0.0151
성북구,장위1동,꿈의숲 장곡 골목형상점가,12762,193.0,0.0151
용산구,한남동,한남오거리,156210,2360.0,0.0151
중구,동화동,동화동 골목형상점가,60206,912.0,0.0151
강동구,둔촌2동,둔촌푸르지오아파트,17651,265.0,0.015
관악구,신사동,관악신사시장,49986,750.0,0.015
도봉구,도봉1동,신도봉시장,8485,127.0,0.015
도봉구,창3동,창동골목시장,39982,600.0,0.015
동대문구,용신동,청량리수산시장,30328,455.0,0.015
은평구,응암1동,본서부병원,113175,1697.0,0.015
중구,소공동,북창동(시청역_6번),108517,1631.0,0.015
구로구,구로3동,영서중학교,12156,181.0,0.0149
마포구,서교동,서교동(홍대),246429,3674.0,0.0149
중구,소공동,시청역_1번,58426,872.0,0.0149
중랑구,상봉2동,상봉역,205828,3076.0,0.0149
강남구,청담동,경기고교사거리(경기고교앞사거리),71695,1062.0,0.0148
강서구,우장산동,우장산힐스테이트,18832,278.0,0.0148
도봉구,창2동,창동신창시장,58415,862.0,0.0148
동대문구,장안1동,장한평역(장한평),450074,6659.0,0.0148
서초구,방배본동,방배동카페골목,95526,1414.0,0.0148
성동구,성수1가1동,서울숲역,58913,874.0,0.0148
성동구,성수1가1동,성수1가1동주민센터,38774,572.0,0.0148
송파구,송파1동,송파나루역,60912,904.0,0.0148
양천구,목4동,목사랑시장(목4동시장),35003,519.0,0.0148
강북구,수유3동,수유중앙골목시장(수유중앙시장),30758,451.0,0.0147
강서구,화곡4동,목동사거리,126109,1860.0,0.0147
관악구,대학동,녹두거리(대학동),117372,1729.0,0.0147
동대문구,답십리1동,동부시장,6617,97.0,0.0147
동대문구,제기동,서울약령시장,165313,2424.0,0.0147
송파구,가락본동,오금역,151650,2222.0,0.0147
관악구,신사동,신대방역 1번,23709,347.0,0.0146
강남구,삼성2동,삼성중앙역,228925,3317.0,0.0145
서대문구,홍은1동,유진상가,18531,268.0,0.0145
영등포구,대림1동,대림썬프라자,9883,143.0,0.0145
강남구,논현1동,학동역,366287,5274.0,0.0144
강서구,등촌3동,등촌3동주민센터,151533,2189.0,0.0144
마포구,망원1동,망리단길,311648,4487.0,0.0144
양천구,목3동,등촌역,183773,2638.0,0.0144
강북구,송중동,방천골목시장,20242,289.0,0.0143
강서구,화곡1동,화곡중앙시장,34409,492.0,0.0143
성동구,행당1동,왕십리역(왕십리),193725,2761.0,0.0143
송파구,가락본동,경찰병원역,198351,2844.0,0.0143
용산구,후암동,후암시장,33290,477.0,0.0143
강서구,화곡6동,강서구청,224516,3180.0,0.0142
구로구,가리봉동,디지털단지오거리,51996,737.0,0.0142
동작구,상도1동,상도1동주민센터앞,13134,185.0,0.0141
영등포구,당산1동,영등포청과시장(조광시장),96522,1357.0,0.0141
영등포구,여의동,국회의사당역(국회의사당),353915,4976.0,0.0141
광진구,자양1동,자양골목전통시장(자양골목시장),43688,612.0,0.014
광진구,화양동,한아름시장,11040,155.0,0.014
마포구,신수동,신수시장,6691,94.0,0.014
양천구,신정2동,신정2동주민센터,100874,1416.0,0.014
종로구,사직동,서촌(경복궁역),176637,2478.0,0.014
중구,광희동,퇴계로5가,48951,684.0,0.014
강남구,신사동,신사은행나무공원,29000,404.0,0.0139
도봉구,창1동,쌍문역1번(쌍리단길),52971,735.0,0.0139
송파구,오금동,방이역 2번,50911,709.0,0.0139
영등포구,영등포본동,영등포역지하도상점가,154926,2151.0,0.0139
강남구,청담동,청담역 12번,10107,139.0,0.0138
동대문구,휘경1동,이경시장,11622,160.0,0.0138
중구,황학동,황학동벼룩시장,27575,381.0,0.0138
강남구,논현2동,논현2동주민센터,93545,1283.0,0.0137
관악구,은천동,봉천현대시장,5418,74.0,0.0137
중구,을지로동,청계천공구상가,29341,402.0,0.0137
중구,황학동,황학코아루아파트,30230,413.0,0.0137
영등포구,문래동,문래동주민센터,101046,1371.0,0.0136
마포구,대흥동,신촌역 6번,9367,126.0,0.0135
마포구,망원2동,KB국민은행 망원동지점,72666,982.0,0.0135
서대문구,북가좌2동,모래내우체국,69544,942.0,0.0135
영등포구,양평2동,선유도역 골목형상점가,73950,1002.0,0.0135
금천구,시흥5동,은행나무시장,36517,488.0,0.0134
마포구,서교동,홍익지구대,21035,281.0,0.0134
영등포구,문래동,문래역(문래로데오거리),43658,584.0,0.0134
강동구,상일동,상일여고(상일초등학교),126943,1690.0,0.0133
광진구,자양3동,뚝섬유원지역 1번,8061,107.0,0.0133
성북구,월곡2동,월곡역,94516,1260.0,0.0133
광진구,구의3동,구삼강변맛길,108961,1436.0,0.0132
동대문구,이문1동,외대앞역 1번,98625,1304.0,0.0132
마포구,대흥동,대흥역 3번,76040,1001.0,0.0132
서초구,양재1동,우면주공아파트,80617,1063.0,0.0132
종로구,종로5·6가동,종로6가,53940,711.0,0.0132
금천구,독산3동,남문시장,48355,632.0,0.0131
동대문구,용신동,동의보감타워,33231,434.0,0.0131
동대문구,전농1동,청량리역(청량리),316933,4148.0,0.0131
성북구,정릉2동,정릉아리랑시장,23266,304.0,0.0131
송파구,장지동,문현중학교(장지역 1번),53688,704.0,0.0131
도봉구,쌍문3동,쌍문시장(쌍문역골목시장),108994,1415.0,0.013
도봉구,쌍문3동,쌍문역둘리상점가,32420,421.0,0.013
동대문구,이문2동,이문제일시장,7291,95.0,0.013
서초구,방배2동,이수역 5번,47127,611.0,0.013
영등포구,당산2동,당산2동(영등포우체국),94477,1225.0,0.013
금천구,가산동,가산동주민센터,39903,515.0,0.0129
마포구,신수동,KB국민은행 서강지점,24575,318.0,0.0129
마포구,염리동,이대역 5번,53599,691.0,0.0129
영등포구,대림2동,대동초등학교,35075,453.0,0.0129
은평구,응암1동,응암역,58470,753.0,0.0129
중랑구,묵2동,먹골역 5번,99076,1279.0,0.0129
중랑구,중화2동,태릉시장 특화거리,45536,589.0,0.0129
강남구,대치1동,대치역,163253,2084.0,0.0128
관악구,중앙동,봉천중앙시장,17101,219.0,0.0128
관악구,청룡동,청룡동주민센터,38688,496.0,0.0128
구로구,개봉3동,개봉동 현대아파트,150870,1925.0,0.0128
동대문구,용신동,신설동역,271900,3467.0,0.0128
성동구,성수1가2동,성원어린이공원,70693,903.0,0.0128
성북구,길음1동,미아초등학교,32625,418.0,0.0128
강남구,삼성2동,삼성중앙역 7번,15944,203.0,0.0127
강동구,명일2동,한영중고,75463,960.0,0.0127
강서구,공항동,송정역,61122,776.0,0.0127
관악구,성현동,구암초등학교,40509,513.0,0.0127
관악구,조원동,조원동 펭귄시장(신림중앙시장),32672,415.0,0.0127
서대문구,신촌동,연희대우아파트앞,117804,1491.0,0.0127
양천구,신정2동,신정롯데캐슬아파트,80881,1025.0,0.0127
영등포구,도림동,도림시장,5598,71.0,0.0127
은평구,대조동,불광역 7번,88375,1126.0,0.0127
중구,청구동,청구역 3번,69155,875.0,0.0127
중랑구,묵1동,묵1동도깨비시장,29000,367.0,0.0127
강남구,역삼1동,도곡1동,169293,2134.0,0.0126
강동구,성내1동,강동구청역,205710,2602.0,0.0126
마포구,서강동,광흥창역 6번,21814,275.0,0.0126
성북구,석관동,새석관시장,7327,92.0,0.0126
영등포구,영등포동,영등포전통시장,55174,694.0,0.0126
용산구,한강로동,삼각지역,134419,1695.0,0.0126
강남구,논현2동,논현종합시장,6787,85.0,0.0125
강서구,가양1동,양천향교역 5번,124877,1567.0,0.0125
구로구,구로2동,구로나눔길,50788,637.0,0.0125
금천구,시흥1동,KT금천빌딩(금천구시설관리공단),35970,450.0,0.0125
성북구,안암동,안암역 3번,82289,1028.0,0.0125
중구,명동,중부경찰서(영화인의거리),137954,1725.0,0.0125
강남구,압구정동,도산공원교차로,185023,2303.0,0.0124
강서구,화곡6동,강서구청옆,22736,283.0,0.0124
구로구,고척2동,고척동성당,44097,545.0,0.0124
도봉구,창5동,창동역 2번,77642,961.0,0.0124
성북구,정릉4동,정릉골 골목형상점가,26683,332.0,0.0124
송파구,석촌동,석촌고분역,129121,1607.0,0.0124
영등포구,양평1동,양평역 2번,73590,916.0,0.0124
노원구,공릉1동,공릉역,81040,998.0,0.0123
노원구,월계1동,광운대역 1번,50431,620.0,0.0123
마포구,연남동,연트럴파크(연남동주민센터),96104,1182.0,0.0123
마포구,용강동,용강동 상점가,54198,664.0,0.0123
강남구,논현2동,서울세관,185480,2269.0,0.0122
관악구,신원동,신원동주민센터,49950,607.0,0.0122
광진구,광장동,광진정보도서관,74699,915.0,0.0122
은평구,응암1동,신진과학기술고등학교,34929,427.0,0.0122
동대문구,제기동,종암초등학교,22890,276.0,0.0121
마포구,성산2동,마포구청역 1번,87346,1056.0,0.0121
송파구,방이2동,방이시장,143645,1734.0,0.0121
양천구,신월6동,목동센트럴아이파크앞,38129,461.0,0.0121
은평구,녹번동,은평구청,63348,767.0,0.0121
금천구,독산4동,독산동 맛나는거리상점가(독산동 맛나는거리),29410,352.0,0.012
동대문구,제기동,청량종합도매시장,45678,550.0,0.012
동대문구,휘경1동,회기역,127203,1527.0,0.012
동작구,상도2동,장승배기역,84828,1017.0,0.012
용산구,이촌2동,새남터성지,56970,683.0,0.012
노원구,공릉2동,경춘선숲길 우측,100071,1187.0,0.0119
성북구,종암동,종암경찰서,84094,1004.0,0.0119
송파구,송파1동,송파나루역 1번(송리단길),191523,2287.0,0.0119
은평구,대조동,불광역,61492,734.0,0.0119
강남구,역삼2동,개나리아파트,148412,1748.0,0.0118
도봉구,방학2동,방학초등학교,61821,728.0,0.0118
성동구,왕십리2동,무학봉상점가,69338,819.0,0.0118
강남구,대치4동,대치동아우편취급국,40587,474.0,0.0117
노원구,상계10동,노원역 9번,35324,412.0,0.0117
동대문구,답십리1동,답십리초등학교,80982,946.0,0.0117
동대문구,회기동,경희대삼거리,88816,1040.0,0.0117
서대문구,충현동,충정로현대아파트,52786,618.0,0.0117
용산구,남영동,"숙대입구역(남영역, 남영동)",87154,1007.0,0.0116
은평구,갈현1동,은평요양병원,59339,689.0,0.0116
은평구,불광1동,불광역 8번,23276,270.0,0.0116
종로구,종로1·2·3·4가동,원남동사거리,99120,1147.0,0.0116
노원구,중계본동,영신여고,54737,629.0,0.0115
서초구,양재2동,언남고등학교,23167,266.0,0.0115
송파구,장지동,문정동성당,23375,268.0,0.0115
중랑구,중화2동,중화역 4번,63066,724.0,0.0115
관악구,삼성동,신신림시장(삼성동시장),4126,47.0,0.0114
관악구,은천동,봉천역 4번(봉천110안전센터),43849,501.0,0.0114
동작구,대방동,보라매역,93027,1056.0,0.0114
중구,을지로동,을지로4가역,85528,979.0,0.0114
중랑구,망우본동,하나은행 망우동지점,35477,404.0,0.0114
중랑구,중화2동,장미제일시장(중화동제일시장),26867,305.0,0.0114
강남구,청담동,강남구청역 4번,66136,749.0,0.0113
강동구,성내3동,둔촌동역 4번,51128,577.0,0.0113
강서구,방화1동,신방화역 2번,180870,2036.0,0.0113
광진구,자양4동,영동교골목시장,14261,161.0,0.0113
중구,중림동,중림동,144683,1631.0,0.0113
강남구,역삼1동,경복아파트교차로,112742,1261.0,0.0112
마포구,대흥동,서강대학교,16304,182.0,0.0112
서초구,서초3동,서울고교교차로,49689,555.0,0.0112
서초구,양재1동,양재역 8번(양재동우체국),218114,2445.0,0.0112
중구,소공동,시청역_8번,132689,1485.0,0.0112
중랑구,상봉2동,상봉역 3번,121975,1372.0,0.0112
강남구,삼성1동,코엑스,145396,1614.0,0.0111
마포구,망원2동,동교초등학교,101027,1117.0,0.0111
마포구,서강동,광흥창역 1번,25225,281.0,0.0111
서초구,방배본동,방배동가구거리(사당동가구거리),51195,566.0,0.0111
서초구,양재2동,"양재시민의숲역(양재동꽃시장, aT센터)",301253,3345.0,0.0111
성북구,월곡1동,밤나무골시장,6751,75.0,0.0111
은평구,갈현1동,연신내역 7번,72295,801.0,0.0111
종로구,가회동,북촌(안국역),197675,2191.0,0.0111
강남구,청담동,언북초등학교,55724,615.0,0.011
광진구,자양2동,성자초등학교,66483,733.0,0.011
금천구,독산3동,문성초등학교,114069,1251.0,0.011
서대문구,홍은1동,홍은종합사회복지관,35519,391.0,0.011
강동구,암사2동,암사역 4번(삼성광나루아파트),15538,170.0,0.0109
강북구,우이동,장미원골목시장,43525,473.0,0.0109
구로구,구로4동,구로4동주민센터,140331,1532.0,0.0109
노원구,상계2동,상계초등학교,75911,829.0,0.0109
노원구,중계2·3동,시영2단지 무지개종합상가(중계 무지개2단지아파트상가),15764,172.0,0.0109
중랑구,중화2동,중랑역 2번,10368,113.0,0.0109
강남구,개포4동,포이초등학교(개포목련어린이공원),137098,1484.0,0.0108
강동구,길동,굽은다리역 4번,207328,2231.0,0.0108
강북구,삼각산동,삼각산119안전센터,17571,189.0,0.0108
강북구,수유1동,수유재래시장,10960,118.0,0.0108
금천구,시흥2동,동일여자고등학교,59664,643.0,0.0108
노원구,공릉1동,공릉동 국수거리,160554,1741.0,0.0108
서초구,양재2동,법제교육센터(버들어린이공원),57521,623.0,0.0108
영등포구,대림2동,대림차이나타운(대림역 12번),35768,386.0,0.0108
영등포구,영등포동,영중로,92713,1001.0,0.0108
종로구,창신1동,수족관거리,9323,101.0,0.0108
중랑구,면목본동,면목역 3번,65941,712.0,0.0108
강남구,논현2동,언북중학교,94815,1013.0,0.0107
강남구,대치4동,도곡초등학교,138866,1487.0,0.0107
강북구,삼양동,삼양골목시장(삼양시장),47564,510.0,0.0107
관악구,청룡동,봉천역 1번(관악초등학교),53715,577.0,0.0107
금천구,독산3동,구로전화국,169662,1814.0,0.0107
동작구,상도2동,상도역 2번,54544,585.0,0.0107
마포구,서교동,홍대부속여중고앞,112569,1206.0,0.0107
서초구,양재1동,바우뫼공원,38156,410.0,0.0107
성동구,성수1가1동,서울숲역 1번,18531,198.0,0.0107
송파구,문정1동,문정역 2번,123212,1319.0,0.0107
송파구,오금동,방이역 1번,77913,832.0,0.0107
용산구,한강로동,삼각지역 14번,8989,96.0,0.0107
노원구,월계1동,석계역 1번,69794,738.0,0.0106
동작구,사당1동,이수역 9번,44183,467.0,0.0106
서대문구,남가좌1동,가좌역 3번,27096,287.0,0.0106
서초구,서초3동,서초3동사거리,235083,2499.0,0.0106
성동구,용답동,성동용답상가시장,118065,1250.0,0.0106
양천구,신정4동,양목초등학교,15723,167.0,0.0106
중랑구,신내1동,신내1동주민센터,146352,1545.0,0.0106
광진구,중곡2동,아차산역,201257,2120.0,0.0105
구로구,고척2동,덕의초등학교,55364,580.0,0.0105
노원구,공릉1동,태릉입구역 4번,38090,400.0,0.0105
동대문구,장안2동,전곡시장,26448,279.0,0.0105
마포구,합정동,합정역 8번,173803,1828.0,0.0105
종로구,교남동,서대문역,148292,1560.0,0.0105
중구,명동,을지로2가,56876,599.0,0.0105
중구,황학동,황학동주방가구거리상점가,72884,767.0,0.0105
서초구,양재1동,교육개발원입구사거리,120183,1252.0,0.0104
성동구,마장동,마장역 2번,80335,837.0,0.0104
성북구,성북동,삼선중학교,79830,833.0,0.0104
송파구,문정1동,문정역 1번,61838,644.0,0.0104
송파구,잠실본동,삼전역 1번,245561,2553.0,0.0104
중랑구,면목3·8동,사가정역 1번,86298,901.0,0.0104
광진구,구의1동,구의1동주민센터,131620,1361.0,0.0103
성북구,길음1동,길음역 7번,55213,566.0,0.0103
용산구,남영동,서울역 12번,105922,1093.0,0.0103
은평구,증산동,증산골목시장,7969,82.0,0.0103
종로구,숭인2동,동묘앞역 3번,18431,189.0,0.0103
중구,다산동,장충초등학교,68893,707.0,0.0103
광진구,자양1동,광진정말공원,102102,1043.0,0.0102
광진구,중곡4동,대원고등학교,58514,595.0,0.0102
노원구,상계1동,수락산디자인거리,125994,1290.0,0.0102
동작구,상도1동,숭실대입구역 4번,68786,699.0,0.0102
마포구,공덕동,서울서부지방법원,132139,1354.0,0.0102
서초구,방배4동,방배초등학교,103888,1064.0,0.0102
영등포구,문래동,문래예술촌(문래창작촌),299716,3070.0,0.0102
영등포구,신길6동,보라매역 6번,100264,1027.0,0.0102
강남구,개포4동,국악고교사거리,67409,683.0,0.0101
강북구,번1동,강북북부골목시장,30294,306.0,0.0101
동대문구,답십리2동,답십리사거리,82160,831.0,0.0101
동대문구,답십리2동,촬영소사거리,54806,553.0,0.0101
서대문구,북아현동,아현가구거리상점가,45816,462.0,0.0101
서대문구,홍제1동,홍제역 4번,30428,307.0,0.0101
서초구,반포1동,신논현역 1번,140535,1421.0,0.0101
성동구,성수1가2동,뚝섬역교차로,79596,803.0,0.0101
성동구,옥수동,옥정중학교,23818,240.0,0.0101
성동구,행당1동,왕십리역 9번,63575,639.0,0.0101
영등포구,문래동,영일시장,60601,611.0,0.0101
용산구,청파동,숙대입구,173542,1755.0,0.0101
종로구,종로5·6가동,충신시장,17934,182.0,0.0101
강남구,일원1동,대청초등학교,236964,2362.0,0.01
강남구,청담동,영동대교남단교차로,89136,894.0,0.01
강북구,수유3동,강북구청,63938,637.0,0.01
강서구,방화2동,공항시장,25563,256.0,0.01
강서구,우장산동,우장산역 1번,70187,702.0,0.01
동대문구,전농1동,시립대앞사거리,29327,293.0,0.01
송파구,석촌동,송파책박물관,34040,342.0,0.01
양천구,신정2동,신정2동 골목시장(오목교중앙시장),21996,221.0,0.01
강동구,천호3동,천호태영아파트,31985,318.0,0.0099
동대문구,장안1동,장안1동주민센터,285861,2817.0,0.0099
동대문구,장안2동,동대부고,104535,1033.0,0.0099
동작구,노량진2동,신노량진시장(기능상실),13242,131.0,0.0099
마포구,망원2동,마포구청역 7번,123656,1230.0,0.0099
성북구,동선동,성신여대입구역 4번,59460,589.0,0.0099
송파구,마천1동,마천역(마천초등학교),209850,2078.0,0.0099
송파구,문정1동,문정초등학교,124929,1239.0,0.0099
영등포구,당산1동,문래역 3번,18152,180.0,0.0099
영등포구,영등포동,영등포시장역 4번,30037,298.0,0.0099
강동구,성내1동,강동구청(강동구청역 2번),19565,192.0,0.0098
동작구,사당1동,사당역 10번,202958,1994.0,0.0098
성북구,종암동,종암동주민센터,98376,962.0,0.0098
용산구,이태원1동,용산구청,71140,700.0,0.0098
용산구,한강로동,삼각지역 3번,41421,406.0,0.0098
중구,장충동,동대문역사문화공원역 5번,44820,440.0,0.0098
강북구,송중동,미아사거리역 3번,35635,346.0,0.0097
마포구,염리동,대흥역 2번,111950,1084.0,0.0097
성동구,마장동,청계천박물관,98083,949.0,0.0097
용산구,이태원1동,이태원엔틱가구거리,52542,511.0,0.0097
중랑구,상봉2동,월드순복음교회,87353,844.0,0.0097
구로구,오류2동,오류2동버들시장,163596,1575.0,0.0096
노원구,공릉2동,화랑대철도공원,20050,192.0,0.0096
동대문구,휘경1동,회기역 2번,10334,99.0,0.0096
동작구,상도2동,상도도깨비 골목형상점가,23166,223.0,0.0096
서대문구,남가좌2동,남가좌파출소,125757,1204.0,0.0096
서초구,방배본동,방배아이파크아파트,92803,887.0,0.0096
성동구,금호4가동,금호사거리,22191,213.0,0.0096
용산구,용산2가동,해방촌 남동측,105010,1011.0,0.0096
종로구,창신1동,창신1동주민센터,29604,284.0,0.0096
강동구,둔촌2동,둔촌2동주민센터,60068,572.0,0.0095
강동구,성내1동,장신구 특화거리 상점가,38487,367.0,0.0095
강북구,수유2동,우이골목시장(우이시장),54278,517.0,0.0095
강서구,화곡6동,우장산롯데캐슬아파트앞,38550,367.0,0.0095
송파구,가락본동,경찰병원역 4번(건너말공원),34910,332.0,0.0095
용산구,한강로동,한강로동땡땡거리(은행나무길),132684,1260.0,0.0095
강남구,신사동,한남IC,62126,585.0,0.0094
강동구,길동,길동주민센터(강동도서관),247203,2329.0,0.0094
강서구,화곡본동,화곡초등학교,65816,618.0,0.0094
관악구,대학동,구립대학경로당(관악산샘말공원),234224,2200.0,0.0094
노원구,공릉1동,공릉역 2번,95309,896.0,0.0094
노원구,상계5동,계상초등학교,104277,977.0,0.0094
도봉구,도봉2동,오!도봉거리 상점가,24434,230.0,0.0094
마포구,서강동,상수역 4번,81410,767.0,0.0094
영등포구,영등포동,영등포시장역 1번,49012,459.0,0.0094
광진구,광장동,광나루역 1번,42085,392.0,0.0093
금천구,가산동,가산동우체국,85219,790.0,0.0093
도봉구,방학3동,국민은행방학지점,21358,199.0,0.0093
서초구,방배4동,내방역 6번,16286,152.0,0.0093
강남구,역삼1동,언주역 6번,65108,596.0,0.0092
강동구,고덕2동,고덕동성당,71669,661.0,0.0092
구로구,구로5동,한국SGI본부,113693,1050.0,0.0092
동대문구,용신동,제기동역 6번,159981,1464.0,0.0092
서대문구,남가좌2동,남가좌동현대아파트,26069,241.0,0.0092
서대문구,홍은2동,명지대학교,176999,1625.0,0.0092
성동구,왕십리도선동,상왕십리역 3번,80878,742.0,0.0092
용산구,보광동,오산중학교,21603,198.0,0.0092
은평구,녹번동,불광역 3번,31324,287.0,0.0092
중구,회현동,회현역,106867,984.0,0.0092
강남구,개포4동,논현로18길,17288,157.0,0.0091
강동구,천호2동,암사역 3번(천호동자전거거리),129295,1176.0,0.0091
광진구,자양2동,자양한강도서관,107574,981.0,0.0091
광진구,자양4동,건대입구역 6번,179746,1636.0,0.0091
노원구,월계1동,석계역 2번,58165,528.0,0.0091
동대문구,제기동,홍릉시장,69877,635.0,0.0091
동작구,상도4동,NH농협은행 상도동지점,68956,628.0,0.0091
서초구,양재1동,양재천카페거리,119809,1085.0,0.0091
중구,회현동,회현역 1번,9928,90.0,0.0091
중랑구,면목2동,메가박스 상봉,124410,1133.0,0.0091
강북구,수유2동,가오리역 1번,47879,431.0,0.009
구로구,개봉2동,개봉중앙시장,79713,717.0,0.009
서초구,양재2동,더케이호텔(양재리본타워2단지아파트),43233,389.0,0.009
서초구,양재2동,양재근린공원(양재2동주민센터),32454,292.0,0.009
성북구,석관동,돌곶이역 5번,67373,607.0,0.009
송파구,석촌동,석촌역 6번,120754,1083.0,0.009
영등포구,신길1동,영신초등학교,117632,1053.0,0.009
영등포구,영등포본동,장훈고등학교,31824,287.0,0.009
중랑구,면목2동,중랑노인종합복지관,128302,1152.0,0.009
강남구,논현2동,언주역 3번,63031,564.0,0.0089
광진구,구의1동,구의사거리,92657,829.0,0.0089
노원구,월계2동,월계역 3번,29842,267.0,0.0089
동대문구,답십리2동,답십리공원,55458,496.0,0.0089
동대문구,용신동,한국의류시험연구원,43441,387.0,0.0089
동대문구,제기동,동대문중앙새마을금고본점,16140,144.0,0.0089
마포구,연남동,마포FM,60230,536.0,0.0089
송파구,장지동,장지동주민센터(한림연예예술고교),83345,745.0,0.0089
영등포구,대림2동,대림역 11번,24375,217.0,0.0089
영등포구,대림3동,대림역 5번,94929,849.0,0.0089
영등포구,신길3동,신길3동주민센터,95882,853.0,0.0089
용산구,용문동,효창공원앞역 5번,110329,984.0,0.0089
용산구,이촌1동,한강미주맨션아파트,27783,248.0,0.0089
은평구,갈현2동,구산역 4번,149102,1333.0,0.0089
강동구,명일1동,굽은다리역 3번,83549,733.0,0.0088
강서구,발산1동,우장산역 4번,180103,1577.0,0.0088
강서구,방화1동,방화역 2번,44808,396.0,0.0088
관악구,조원동,신대방역 2번,155155,1368.0,0.0088
동대문구,전농2동,전농중학교,65069,575.0,0.0088
서대문구,북아현동,아현역 2번,61152,541.0,0.0088
서대문구,충현동,미근동,48052,421.0,0.0088
성북구,석관동,석관시장,7879,69.0,0.0088
용산구,보광동,보광시장,10506,92.0,0.0088
은평구,응암3동,새절역 2번,33922,298.0,0.0088
중구,광희동,중구청(퇴계로4가),95213,838.0,0.0088
중랑구,면목4동,중곡초등학교,86503,760.0,0.0088
강남구,논현1동,논현초등학교,190913,1657.0,0.0087
관악구,신사동,관악구신사동주민센터,200822,1742.0,0.0087
광진구,중곡4동,아차산역 1번,103458,905.0,0.0087
광진구,화양동,어린이대공원역 3번,45757,400.0,0.0087
광진구,화양동,화양사거리,116892,1017.0,0.0087
구로구,오류1동,오류동역 4번,9129,79.0,0.0087
노원구,상계1동,수락산역 4번,197508,1720.0,0.0087
도봉구,방학1동,신한은행 방학동지점,52472,455.0,0.0087
도봉구,쌍문2동,쌍문2동우체국,102318,893.0,0.0087
송파구,방이2동,송파나루역 3번,32806,287.0,0.0087
은평구,응암3동,응암정보도서관,197026,1711.0,0.0087
강동구,길동,GS강동자이아파트,81524,700.0,0.0086
광진구,화양동,건대입구역 1번,67458,580.0,0.0086
마포구,아현동,마포경찰서,18216,157.0,0.0086
성동구,왕십리2동,상왕십리역 6번,51942,449.0,0.0086
성북구,정릉2동,정릉역 2번,21672,186.0,0.0086
송파구,삼전동,석촌고분역 1번,182032,1573.0,0.0086
양천구,목4동,목동보건지소,177925,1531.0,0.0086
영등포구,대림3동,대림3동사거리,191427,1647.0,0.0086
은평구,신사1동,응암역 2번,104660,904.0,0.0086
강동구,천호2동,암사역 2번(서울강동초등학교),219221,1856.0,0.0085
강서구,화곡1동,까치산역 3번,201889,1712.0,0.0085
광진구,군자동,장안초등학교,14956,127.0,0.0085
광진구,중곡2동,군자역 4번,70945,602.0,0.0085
구로구,구로4동,대림역 2번,111299,947.0,0.0085
구로구,오류1동,오류동역,209639,1784.0,0.0085
성동구,금호4가동,옥수터널,19057,162.0,0.0085
성북구,보문동,보문역 8번,67532,571.0,0.0085
성북구,월곡2동,상월곡역 1번,83644,707.0,0.0085
송파구,방이1동,방이역 4번,324278,2747.0,0.0085
양천구,신정4동,목동로데오거리,77332,656.0,0.0085
영등포구,당산2동,영동초등학교,81298,687.0,0.0085
영등포구,대림1동,대림갑을명가아파트,13131,112.0,0.0085
종로구,이화동,서울대병원,15969,135.0,0.0085
종로구,청운효자동,배화여자대학교(박노수미술관),149264,1264.0,0.0085
중구,신당5동,신당역 3번,129607,1102.0,0.0085
강남구,개포4동,국립국악고등학교,56042,470.0,0.0084
강동구,성내2동,천호역 6번,159647,1349.0,0.0084
강북구,송천동,삼양입구사거리,62809,530.0,0.0084
노원구,상계5동,상계5동주민센터,217725,1827.0,0.0084
도봉구,방학1동,방학역 1번,185625,1553.0,0.0084
송파구,가락2동,오금역 4번,43089,361.0,0.0084
송파구,석촌동,석촌역 7번,200178,1673.0,0.0084
송파구,오금동,벌말어린이공원,63272,529.0,0.0084
영등포구,양평1동,문래중학교,49828,418.0,0.0084
중구,회현동,서울역,435455,3671.0,0.0084
강남구,도곡1동,싸리고개근린공원,21894,181.0,0.0083
강남구,세곡동,한국교통안전공단 강남자동차검사소,59241,489.0,0.0083
관악구,보라매동,당곡중학교,132683,1107.0,0.0083
광진구,화양동,어린이대공원역 4번,42830,356.0,0.0083
도봉구,방학1동,방학1동주민센터,153054,1269.0,0.0083
동대문구,장안2동,장안현대홈타운1차아파트,79796,665.0,0.0083
마포구,대흥동,양원초등학교,39360,325.0,0.0083
성동구,금호1가동,성동구립금호도서관,11778,98.0,0.0083
은평구,대조동,연신내역 4번,134157,1111.0,0.0083
은평구,응암1동,응암1동주민센터,61196,509.0,0.0083
종로구,무악동,독립문역 1번,31531,262.0,0.0083
중구,다산동,장충단 고개,70693,587.0,0.0083
중랑구,묵1동,화랑대역 7번,39367,325.0,0.0083
강북구,번1동,수유역 2번,84732,692.0,0.0082
광진구,중곡3동,중곡역 3번,141901,1159.0,0.0082
구로구,가리봉동,남구로역 2번,206144,1694.0,0.0082
동대문구,청량리동,떡전교사거리,46180,377.0,0.0082
동작구,대방동,성남고등학교,100016,822.0,0.0082
동작구,상도2동,장승배기역 4번,115676,950.0,0.0082
마포구,공덕동,공덕동주민센터,76629,626.0,0.0082
마포구,서교동,망원역 1번,126268,1035.0,0.0082
마포구,성산2동,가좌역 2번,83965,688.0,0.0082
서대문구,연희동,홍연시장,42513,347.0,0.0082
서대문구,충현동,충정로역,59549,487.0,0.0082
성동구,성수1가1동,성원중학교,247340,2035.0,0.0082
송파구,마천2동,남천초등학교,129883,1060.0,0.0082
용산구,한남동,서울독일학교,41414,340.0,0.0082
강동구,둔촌2동,둔촌동역 1번(한산중학교),179874,1465.0,0.0081
광진구,자양1동,구의역 4번,210895,1717.0,0.0081
서대문구,북가좌1동,북가좌초등학교,44322,361.0,0.0081
서초구,방배1동,방배역 3번,62846,509.0,0.0081
송파구,석촌동,석촌고분역 3번,104883,853.0,0.0081
종로구,교남동,대신고등학교,18781,152.0,0.0081
강남구,삼성2동,언주중학교,35151,281.0,0.008
강북구,미아동,성신여대운정그린캠퍼스,133932,1071.0,0.008
광진구,자양3동,신자초등학교,106885,853.0,0.008
마포구,상암동,DMC(디지털미디어시티),347758,2785.0,0.008
서초구,반포1동,논현역 4번,130507,1041.0,0.008
송파구,가락2동,경찰병원역 3번,59147,474.0,0.008
송파구,방이2동,송파나루역 2번,72714,584.0,0.008
종로구,사직동,체부동홍종문가옥,17064,136.0,0.008
중구,신당동,청구역 1번,85550,682.0,0.008
중랑구,면목7동,오거리공원,165615,1331.0,0.008
강남구,논현1동,논현목련공원,21629,170.0,0.0079
강동구,천호2동,천호공원(해공체육문화센터),116161,914.0,0.0079
강서구,화곡1동,화곡역 5번,210252,1666.0,0.0079
강서구,화곡3동,푸른들청소년도서관,203547,1612.0,0.0079
관악구,보라매동,은천초등학교(은천교앞),111515,881.0,0.0079
구로구,구로2동,남구로역 3번,224117,1775.0,0.0079
도봉구,창5동,가인초등학교,53197,421.0,0.0079
동대문구,답십리1동,간데메공원,122554,964.0,0.0079
서초구,서초3동,서초우방유쉘아파트,22283,175.0,0.0079
성동구,성수2가3동,성수초등학교,330983,2601.0,0.0079
성북구,길음2동,길음역 8번,84969,669.0,0.0079
성북구,종암동,종암아이파크2차,92801,737.0,0.0079
송파구,오금동,보인중학교,83602,664.0,0.0079
영등포구,신길4동,신길새마을금고신길4동지점,27917,220.0,0.0079
은평구,응암3동,응암3동주민센터,53976,429.0,0.0079
중랑구,망우본동,망우본동주민센터,137523,1082.0,0.0079
강북구,수유3동,광산사거리,57563,449.0,0.0078
강북구,우이동,국립4.19민주묘지,12372,96.0,0.0078
강서구,방화1동,방화역 3번,70905,556.0,0.0078
관악구,삼성동,신림주공2단지(광신고등학교),26565,207.0,0.0078
관악구,신림동,"신림역 5번(신림동주민센터, 신림동별빛거리)",194701,1520.0,0.0078
광진구,자양2동,자양동우체국,115158,896.0,0.0078
광진구,자양4동,자양4동주민센터,155861,1219.0,0.0078
광진구,중곡1동,중곡어린이공원,50806,395.0,0.0078
성북구,석관동,돌곶이시장(석관황금시장),48175,376.0,0.0078
성북구,월곡1동,숭곡초등학교,180619,1407.0,0.0078
양천구,신월3동,신월3동 골목시장,21147,165.0,0.0078
용산구,원효로2동,성심여자고등학교,135620,1061.0,0.0078
종로구,혜화동,성균관대학교,77655,603.0,0.0078
강동구,천호2동,천호지구대(천호동자전거거리),110424,847.0,0.0077
관악구,미성동,미성초등학교,127503,981.0,0.0077
금천구,독산1동,독산동,530021,4106.0,0.0077
금천구,독산2동,독산동정훈단지,79548,613.0,0.0077
동대문구,용신동,동대문구청,115383,889.0,0.0077
마포구,신수동,서강대역 1번,148225,1135.0,0.0077
서대문구,충현동,돈의문센트레빌아파트입구,21586,167.0,0.0077
서초구,양재2동,염곡동 구룡사(포이동성당),252432,1937.0,0.0077
성동구,성수2가1동,경수초등학교,260628,2003.0,0.0077
성북구,석관동,석계역 7번,140761,1078.0,0.0077
영등포구,대림1동,대림성모병원,86491,664.0,0.0077
영등포구,대림2동,구로디지털단지역 4번,204978,1579.0,0.0077
용산구,이태원2동,경리단길남측,181830,1405.0,0.0077
은평구,불광2동,연신초등학교,35348,273.0,0.0077
은평구,응암1동,백련산해모로아파트,70709,542.0,0.0077
종로구,종로5·6가동,종로5가역 4번,16485,127.0,0.0077
강동구,성내2동,강동역 4번(강풀만화거리),282300,2156.0,0.0076
관악구,신림동,신림역 8번,103978,792.0,0.0076
광진구,구의3동,구남초등학교,49267,372.0,0.0076
금천구,시흥1동,금천금빛공원(은행나무사거리서측),57787,440.0,0.0076
도봉구,쌍문1동,덕성여대시반거리,43039,327.0,0.0076
도봉구,쌍문2동,도봉구보건소,123299,941.0,0.0076
마포구,성산1동,성서초등학교,102638,779.0,0.0076
서초구,양재2동,청계산원터골,17189,130.0,0.0076
성북구,정릉1동,정릉역 1번,140910,1076.0,0.0076
송파구,송파1동,석촌역 3번,226584,1719.0,0.0076
송파구,잠실본동,삼전역 4번,272855,2067.0,0.0076
양천구,신월7동,신월문화체육센터,105945,805.0,0.0076
은평구,갈현2동,연신내역 5번,99182,749.0,0.0076
은평구,녹번동,은평세무서,101732,777.0,0.0076
종로구,숭인2동,신설동역 12번,55232,418.0,0.0076
중랑구,중화1동,장안중학교,90556,692.0,0.0076
강동구,길동,길동신동아아파트,20962,158.0,0.0075
강서구,화곡2동,화곡2동주민센터,178678,1341.0,0.0075
관악구,낙성대동,샤로수길,315417,2361.0,0.0075
관악구,중앙동,관악구 중앙길,259916,1953.0,0.0075
구로구,구로5동,구로보건소,250966,1885.0,0.0075
노원구,상계1동,노원초등학교,92687,692.0,0.0075
동대문구,휘경1동,외대앞역 2번,45770,343.0,0.0075
마포구,공덕동,만리재,59702,449.0,0.0075
서대문구,남가좌2동,명지대학교교회,154746,1161.0,0.0075
서초구,양재2동,양재화물트럭터미널앞,184060,1378.0,0.0075
성동구,왕십리도선동,왕십리파출소,27058,203.0,0.0075
송파구,풍납1동,풍납초등학교(풍납백제문화공원),27101,202.0,0.0075
양천구,목1동,목동역 5번,34475,260.0,0.0075
영등포구,신길6동,신길6동주민센터,59185,444.0,0.0075
강동구,고덕1동,묘곡초등학교(고덕아이파크아파트),144712,1074.0,0.0074
강동구,암사1동,암사동성당(효정하나플러스아파트),106562,791.0,0.0074
강동구,암사1동,암사역 1번,175331,1300.0,0.0074
광진구,구의1동,동대부여고,120727,892.0,0.0074
동대문구,제기동,고려대역 6번,79173,583.0,0.0074
성동구,마장동,성동구보건소,49735,369.0,0.0074
송파구,거여1동,거여역 1번(거여공원),146365,1090.0,0.0074
송파구,방이2동,한성백제역 3번,182798,1355.0,0.0074
영등포구,양평2동,선유도역 1번,342694,2534.0,0.0074
영등포구,영등포동,영등포시장기계공구상가,39289,289.0,0.0074
용산구,한남동,한강진역 3번,149192,1103.0,0.0074
중랑구,면목5동,장안제일시장,121544,904.0,0.0074
강북구,송중동,송중동주민센터,53154,390.0,0.0073
금천구,독산1동,금천철쭉어린이공원(금하마을),44361,323.0,0.0073
도봉구,방학1동,방학역 2번,130951,957.0,0.0073
동대문구,전농1동,전농1동주민센터(전농시장),29821,217.0,0.0073
용산구,원효로1동,남영역 1번,145312,1056.0,0.0073
용산구,한강로동,신용산역(용산역),1031423,7574.0,0.0073
종로구,혜화동,경신고등학교,60182,441.0,0.0073
중랑구,망우3동,혜원여고,35644,259.0,0.0073
강북구,수유1동,수유초등학교,106526,769.0,0.0072
은평구,응암1동,우리은행응암동지점,93490,673.0,0.0072
종로구,종로5·6가동,충신시장옆,39184,284.0,0.0072
강동구,고덕2동,고덕중학교(고덕2동주민센터),63497,452.0,0.0071
관악구,난곡동,난곡초등학교(난곡동벽화마을),58047,413.0,0.0071
광진구,중곡2동,용마초등학교,154354,1090.0,0.0071
금천구,시흥1동,금천파출소,16742,119.0,0.0071
동대문구,용신동,용두사거리,24379,172.0,0.0071
동작구,상도1동,상도역 1번,39906,285.0,0.0071
서대문구,천연동,영천시장입구,34671,247.0,0.0071
성동구,사근동,한양대역 4번,29267,208.0,0.0071
성북구,안암동,안암역 2번,85118,603.0,0.0071
영등포구,신길5동,신풍역 3번,21697,154.0,0.0071
영등포구,신길6동,신풍역 1번,83571,592.0,0.0071
용산구,용문동,효창공원앞역 6번,94719,673.0,0.0071
은평구,역촌동,응암역 3번,243033,1720.0,0.0071
강동구,성내1동,성내중학교,39694,276.0,0.007
강동구,암사1동,명일역 1번,49436,344.0,0.007
강서구,등촌1동,등촌1동주민센터,231350,1616.0,0.007
관악구,은천동,봉천역 6번,42797,298.0,0.007
광진구,중곡2동,국립정신건강센터,95687,668.0,0.007
구로구,개봉1동,개봉역,119182,832.0,0.007
구로구,개봉1동,개봉중학교,78095,547.0,0.007
노원구,상계2동,상계2동주민센터,130017,909.0,0.007
마포구,서강동,홍익대,43573,303.0,0.007
마포구,합정동,합정시장,1869,13.0,0.007
서초구,서초3동,서초중학교,71878,503.0,0.007
성동구,송정동,송정체육공원,102074,710.0,0.007
양천구,신정1동,신정네거리역 4번,23861,168.0,0.007
영등포구,신길6동,보라매역 4번,44661,313.0,0.007
영등포구,영등포본동,신길역 1번,31907,223.0,0.007
은평구,갈현2동,선일여고,118649,833.0,0.007
은평구,구산동,구산보건지소,170875,1201.0,0.007
광진구,중곡3동,중곡3동주민센터,166799,1146.0,0.0069
동대문구,장안1동,장평중학교,205648,1409.0,0.0069
동대문구,장안2동,장안근린공원,177937,1223.0,0.0069
동작구,사당4동,남성역 1번,212396,1475.0,0.0069
동작구,상도1동,숭실대입구역 1번,148274,1023.0,0.0069
마포구,도화동,마포역 4번,55046,379.0,0.0069
서대문구,홍제3동,홍제3동주민센터,113498,786.0,0.0069
서초구,방배2동,방배노인종합복지관(이수중학교),76869,533.0,0.0069
성동구,행당1동,행당역 2번,68591,474.0,0.0069
송파구,오금동,Sh수협은행 오금동금융센터(아랫말어린이공원),27617,191.0,0.0069
송파구,풍납1동,풍납시장,120813,831.0,0.0069
양천구,목4동,목4동주민센터,39755,273.0,0.0069
용산구,한남동,한남힐사이드아파트,50068,343.0,0.0069
은평구,대조동,역촌역 2번,31638,219.0,0.0069
종로구,삼청동,삼청동,251643,1743.0,0.0069
종로구,혜화동,혜회동주민센터,52850,363.0,0.0069
중랑구,묵2동,신묵초등학교,180650,1252.0,0.0069
중랑구,상봉1동,망우역 2번,125682,863.0,0.0069
중랑구,신내1동,장스여성병원,69230,477.0,0.0069
광진구,중곡1동,중곡1동주민센터,50068,338.0,0.0068
금천구,독산2동,독산2동주민센터,96407,653.0,0.0068
동대문구,답십리1동,답십리 장령당공원,27972,189.0,0.0068
동대문구,용신동,용두희망어린이공원,59118,401.0,0.0068
서대문구,연희동,연희임광아파트,25732,176.0,0.0068
서초구,반포4동,서울프랑스학교,35625,241.0,0.0068
서초구,서초2동,한전아트센터,32304,220.0,0.0068
성북구,석관동,석관중앙교회,84276,570.0,0.0068
성북구,장위2동,장위전통시장,58889,403.0,0.0068
양천구,목4동,강서고등학교,123264,840.0,0.0068
영등포구,양평2동,선유도역 6번,153365,1042.0,0.0068
중구,장충동,충무초등학교,110058,748.0,0.0068
중랑구,면목3·8동,서일대학교,164098,1110.0,0.0068
강남구,도곡2동,도곡2동주민센터(대치중학교),14234,95.0,0.0067
강남구,역삼1동,역삼월드메르디앙아파트,40391,271.0,0.0067
강남구,역삼2동,베르사이유1아파트,55302,373.0,0.0067
강동구,성내3동,둔촌동역 3번(성내3동주민센터),106811,719.0,0.0067
관악구,신사동,남부초등학교,87679,590.0,0.0067
광진구,자양2동,성동초등학교,75500,507.0,0.0067
금천구,가산동,가산디지털단지역 1번 출입구,42837,288.0,0.0067
금천구,시흥1동,시흥초등학교(시흥1동우체국),121078,813.0,0.0067
서대문구,신촌동,연희세브란스병원,30580,206.0,0.0067
성동구,금호1가동,금북초등학교,21366,144.0,0.0067
성동구,금호2·3가동,금동어린이공원,69009,465.0,0.0067
용산구,이태원2동,경리단길북측,225725,1512.0,0.0067
용산구,청파동,서울역 15번,133737,899.0,0.0067
은평구,구산동,시립서북병원,195983,1306.0,0.0067
은평구,역촌동,역촌노인복지관,155405,1039.0,0.0067
강서구,염창동,염창무학아파트,27977,186.0,0.0066
강서구,화곡1동,까치산역 4번,276225,1827.0,0.0066
구로구,고척2동,개봉1동주민센터,191612,1265.0,0.0066
금천구,독산4동,독산119안전센터,124454,826.0,0.0066
도봉구,쌍문1동,백운시장,16119,107.0,0.0066
동대문구,전농1동,전농119안전센터,24149,160.0,0.0066
동대문구,전농1동,텃골근린공원,100623,661.0,0.0066
동작구,상도4동,상도4동주민센터,56494,371.0,0.0066
마포구,서강동,상수역 3번,37381,245.0,0.0066
송파구,가락2동,투구봉어린이공원,31938,211.0,0.0066
양천구,목2동,달마을공원,90372,600.0,0.0066
양천구,신월1동,신월1파출소,105116,690.0,0.0066
영등포구,도림동,영등포역 2번,129915,860.0,0.0066
영등포구,영등포동,한강성심병원,140562,931.0,0.0066
용산구,후암동,삼광초등학교,45797,304.0,0.0066
은평구,불광2동,연신내역 2번,102295,673.0,0.0066
은평구,응암2동,응암동우체국,123744,813.0,0.0066
중구,신당동,한양공고앞 교차로,44893,297.0,0.0066
중랑구,중화1동,중화역 1번,170317,1130.0,0.0066
강남구,삼성1동,삼성중앙역 5번,26622,174.0,0.0065
강북구,번1동,수송초등학교,208928,1357.0,0.0065
강북구,수유3동,강북중학교,82483,536.0,0.0065
강서구,방화3동,방화역 1번,79681,516.0,0.0065
광진구,구의3동,푸른동산공원,96115,620.0,0.0065
구로구,구로2동,구로초등학교,157006,1023.0,0.0065
노원구,하계1동,대진고등학교,69099,446.0,0.0065
도봉구,방학2동,방학중학교,157817,1019.0,0.0065
동작구,대방동,대방역 3번,46862,304.0,0.0065
서대문구,홍제3동,서울여자간호대학교,59337,384.0,0.0065
서초구,방배2동,사당역 11번(사당역먹자골목),87254,566.0,0.0065
은평구,대조동,구산역 1번,185580,1211.0,0.0065
중랑구,상봉2동,상봉역 4번,191245,1251.0,0.0065
강남구,역삼1동,역삼역 4번,73119,470.0,0.0064
관악구,난곡동,난곡 골목형상점가,11565,74.0,0.0064
관악구,인헌동,낙성대역 1번(관악구민 종합체육센터),111817,721.0,0.0064
관악구,행운동,서울대입구역 8번,115911,737.0,0.0064
광진구,구의2동,광진초등학교,95499,612.0,0.0064
광진구,중곡4동,해오름공원,135318,870.0,0.0064
마포구,용강동,염리초등학교,13748,88.0,0.0064
서대문구,신촌동,경의중앙 신촌역,60585,389.0,0.0064
성동구,성수2가3동,성수2가3동주민센터,76450,488.0,0.0064
성북구,석관동,돌곶이역 8번,105931,680.0,0.0064
성북구,안암동,삼선동주민센터,155662,990.0,0.0064
양천구,신월1동,월정로시장,34925,222.0,0.0064
양천구,신월4동,신한은행 신월동지점,158709,1020.0,0.0064
영등포구,대림1동,대림한신아파트,84160,542.0,0.0064
용산구,한남동,리움미술관,55141,351.0,0.0064
중구,중림동,충정로역 6번,51038,327.0,0.0064
중랑구,면목3·8동,면목동우체국,114047,729.0,0.0064
중랑구,면목본동,면동초등학교,111432,709.0,0.0064
강동구,길동,천동초등학교,35500,225.0,0.0063
강서구,등촌1동,등촌역 1번,46900,296.0,0.0063
강서구,화곡1동,화원중학교,142874,900.0,0.0063
강서구,화곡6동,화곡보람2차아파트,15189,95.0,0.0063
관악구,미성동,난우초등학교,109345,686.0,0.0063
광진구,중곡1동,중곡1동 마을마당,159510,1002.0,0.0063
구로구,가리봉동,가리봉파출소,71977,453.0,0.0063
성북구,장위2동,돌곶이역 1번,72476,456.0,0.0063
양천구,신정4동,신정역 5번,167833,1053.0,0.0063
영등포구,영등포동,신길역 3번,44675,281.0,0.0063
중구,소공동,경향신문사,36893,231.0,0.0063
중랑구,묵1동,먹골역 1번,148439,942.0,0.0063
강동구,성내3동,강동구립성내도서관,203966,1263.0,0.0062
관악구,난곡동,남강고등학교(남강중학교),181632,1129.0,0.0062
관악구,삼성동,신림현대아파트,51568,318.0,0.0062
관악구,서림동,관악해태어린이공원,78673,484.0,0.0062
금천구,독산3동,금천세무서,84015,522.0,0.0062
노원구,상계3·4동,당고개역 2번,83701,517.0,0.0062
도봉구,창2동,창2동주민센터,161205,997.0,0.0062
동대문구,제기동,홍파초등학교,87946,543.0,0.0062
동작구,사당1동,양지어린이공원,116036,716.0,0.0062
동작구,흑석동,중앙대학교,107472,669.0,0.0062
마포구,성산2동,중암중학교,21216,131.0,0.0062
성북구,성북동,동구여중,82760,512.0,0.0062
성북구,장위1동,장곡초등학교,104685,644.0,0.0062
은평구,갈현2동,역촌중앙시장,5144,32.0,0.0062
중랑구,면목본동,면목역 2번,216948,1340.0,0.0062
강동구,천호1동,굽은다리역 2번,87782,538.0,0.0061
강북구,수유2동,수유동우체국,75187,462.0,0.0061
강북구,우이동,4.19민주묘지역 2번,60794,369.0,0.0061
관악구,남현동,사당역 4번,250733,1537.0,0.0061
금천구,독산1동,가산초등학교(세일중학교),134081,814.0,0.0061
성북구,안암동,보문역 4번,93288,568.0,0.0061
송파구,오금동,오금공원(오주중학교),95041,583.0,0.0061
양천구,신월5동,신월중학교,77868,475.0,0.0061
영등포구,문래동,문래소공원,38867,236.0,0.0061
용산구,한남동,우사단길,234768,1430.0,0.0061
용산구,한남동,한남초등학교,7814,48.0,0.0061
중랑구,면목3·8동,용마문화복지센터,50066,304.0,0.0061
중랑구,중화2동,중랑역 4번,58421,354.0,0.0061
강남구,역삼1동,역삼역 8번,68672,410.0,0.006
강동구,길동,강동성심병원,19646,118.0,0.006
관악구,서림동,신성초등학교,147004,882.0,0.006
도봉구,도봉2동,도봉역 3번,90321,539.0,0.006
동작구,신대방1동,신대방역 4번,181264,1090.0,0.006
마포구,서교동,영진시장,6512,39.0,0.006
마포구,신수동,신수동주민센터,75550,450.0,0.006
서초구,방배4동,서문여고,37319,223.0,0.006
송파구,오금동,오동나무공원(송파레미니스1단지),139482,831.0,0.006
양천구,신월7동,신월시영아파트중문,61404,367.0,0.006
영등포구,도림동,영등포푸르지오아파트,109702,661.0,0.006
영등포구,신길4동,신길동홍어거리,44973,272.0,0.006
중랑구,망우본동,러스크서울병원,118173,709.0,0.006
강동구,암사2동,선사초등학교,11026,65.0,0.0059
강동구,천호2동,천호역 1번(천호문구완구거리),69265,407.0,0.0059
강서구,공항동,송정역 3번,238960,1413.0,0.0059
강서구,방화1동,공항고등학교,67482,398.0,0.0059
강서구,화곡4동,뜸부기어린이공원,145209,851.0,0.0059
관악구,서원동,서원동주민센터(신관중학교),59122,347.0,0.0059
금천구,시흥4동,시흥4동주민센터(서울신흥초등학교),113692,667.0,0.0059
금천구,시흥5동,백산초등학교,70150,417.0,0.0059
동대문구,장안2동,장안교,8256,49.0,0.0059
동대문구,전농1동,전곡마을마당공원,126403,742.0,0.0059
동대문구,휘경2동,삼육보건대학교,179445,1063.0,0.0059
동작구,사당5동,사당5동주민센터,42412,251.0,0.0059
마포구,성산1동,마포구청역 4번,113289,671.0,0.0059
양천구,신정3동,지향초등학교,60198,354.0,0.0059
중랑구,면목7동,사가정역 4번,109503,646.0,0.0059
강동구,성내1동,성내천어린이공원(하니사랑길),139845,808.0,0.0058
강서구,공항동,강서구다솔마을,127210,732.0,0.0058
강서구,발산1동,강서농산물도매시장,402585,2333.0,0.0058
강서구,화곡8동,까치산역 1번,230187,1332.0,0.0058
관악구,조원동,조원동주민센터,47109,274.0,0.0058
금천구,독산1동,두산초등학교,50102,290.0,0.0058
노원구,중계4동,상계제일중학교,41545,240.0,0.0058
동작구,상도1동,상도역 5번,239852,1385.0,0.0058
마포구,성산1동,경성고등학교,321532,1876.0,0.0058
성북구,성북동,성북초등학교앞,42242,246.0,0.0058
양천구,신월4동,신월4동주민센터,150486,877.0,0.0058
용산구,후암동,후암동주민센터,293041,1703.0,0.0058
강동구,천호1동,굽은다리역 1번(십자성마을),153254,878.0,0.0057
강서구,공항동,공항시장역 3번,95722,543.0,0.0057
강서구,방화2동,공항시장역 1번,187213,1070.0,0.0057
광진구,구의2동,동의초등학교,29079,165.0,0.0057
동작구,사당3동,이수역 10번,119168,681.0,0.0057
성동구,금호2·3가동,신금호역 4번,66838,382.0,0.0057
성북구,삼선동,경동고등학교,167263,961.0,0.0057
종로구,종로5·6가동,이화사거리,134283,759.0,0.0057
종로구,창신3동,창신역 1번,32878,188.0,0.0057
강북구,송천동,도봉세무서,108984,610.0,0.0056
강북구,인수동,수유북부시장옆,78839,444.0,0.0056
관악구,인헌동,인헌고등학교(인헌중학교),92180,519.0,0.0056
광진구,자양1동,광진구청,97314,543.0,0.0056
서초구,방배1동,내방역 4번,103116,574.0,0.0056
서초구,서초3동,신중초등학교,98883,553.0,0.0056
서초구,양재1동,삼성전자서울R&D(서울우면초등학교),44205,246.0,0.0056
성동구,성수2가1동,성수119안전센터,222826,1241.0,0.0056
송파구,삼전동,삼전역 3번,193689,1075.0,0.0056
영등포구,영등포동,한림대학교한강성심병원,24293,135.0,0.0056
중구,명동,남산케이블카,130560,728.0,0.0056
강동구,천호3동,강동구립 천호도서관,150522,827.0,0.0055
관악구,미성동,호림박물관(성보고등학교),69058,383.0,0.0055
금천구,독산4동,독산동성당,207152,1137.0,0.0055
금천구,시흥4동,한울중학교,160859,887.0,0.0055
노원구,하계1동,노원 을지대학교병원,30640,170.0,0.0055
서대문구,연희동,연희파출소,81070,446.0,0.0055
성북구,동선동,성신여대입구역 1번,109299,604.0,0.0055
성북구,장위2동,돌곶이역 3번,34428,189.0,0.0055
양천구,신월2동,금빛새마을금고본점,36823,203.0,0.0055
영등포구,대림3동,도신초등학교,113740,628.0,0.0055
중랑구,면목2동,면목2동체육관,221861,1215.0,0.0055
강남구,논현2동,강남구청역 2번,43750,236.0,0.0054
강동구,둔촌2동,중앙보훈병원,21834,117.0,0.0054
강북구,송중동,송중초등학교,204374,1104.0,0.0054
강서구,우장산동,화곡역 2번,122821,669.0,0.0054
관악구,신원동,국제신학대학원대학교(남서울중학교),95938,519.0,0.0054
광진구,군자동,능동우편취급국,157029,855.0,0.0054
구로구,고척2동,세곡초등학교,196285,1058.0,0.0054
도봉구,창3동,신창초등학교,297142,1617.0,0.0054
동대문구,용신동,용두시장,5527,30.0,0.0054
양천구,목3동,등촌역 4번,57686,313.0,0.0054
영등포구,신길6동,신풍역 2번,21568,117.0,0.0054
은평구,신사1동,신사1동주민센터,209465,1140.0,0.0054
중구,장충동,장충동족발거리(남소영길),88202,478.0,0.0054
강남구,청담동,영동대교남단,31393,166.0,0.0053
관악구,서림동,영락고등학교,138911,731.0,0.0053
광진구,구의1동,광진경찰서,47848,254.0,0.0053
도봉구,쌍문3동,한일병원,52890,279.0,0.0053
마포구,대흥동,대흥동주민센터,71531,382.0,0.0053
서대문구,연희동,서대문소방서,63408,335.0,0.0053
성북구,삼선동,한성대입구역 3번,175682,929.0,0.0053
송파구,삼전동,석촌고분역 4번,163064,863.0,0.0053
양천구,신월5동,메디힐병원,187236,987.0,0.0053
영등포구,영등포본동,신길2동우편취급국,97248,518.0,0.0053
은평구,신사2동,새절역 3번,112690,592.0,0.0053
종로구,숭인2동,동묘앞역 2번,95779,507.0,0.0053
강남구,개포4동,개포지구대옆,85828,446.0,0.0052
강북구,미아동,미아역 8번,127150,657.0,0.0052
관악구,청룡동,관악소방서(문영여고),16048,84.0,0.0052
금천구,독산1동,서울축산농협 독산역지점(독산파출소),115670,603.0,0.0052
금천구,시흥3동,금산초등학교(금천고등학교),145627,755.0,0.0052
동대문구,용신동,용두동신동아아파트,152517,789.0,0.0052
마포구,성산1동,성미산체육관,97940,508.0,0.0052
성동구,옥수동,옥수동우편취급국,26060,136.0,0.0052
양천구,목2동,양화초등학교,127884,660.0,0.0052
영등포구,도림동,도림2동유수지내체육시설,51407,268.0,0.0052
영등포구,신길5동,대림1동주민센터,115306,603.0,0.0052
용산구,후암동,해방촌예술마을,134562,703.0,0.0052
중구,약수동,약수역 7번,34553,181.0,0.0052
중랑구,묵1동,먹골파출소,37643,194.0,0.0052
강남구,역삼1동,선정릉역 4번,133222,686.0,0.0051
강남구,청담동,청담근린공원,43265,220.0,0.0051
강북구,송천동,송천초등학교,105075,531.0,0.0051
강서구,가양1동,양천향교역 2번,98467,501.0,0.0051
강서구,우장산동,발산역 5번,121172,618.0,0.0051
구로구,구로3동,G타워,84987,437.0,0.0051
금천구,시흥5동,시흥동 은행나무사거리,177282,897.0,0.0051
도봉구,방학1동,도봉구 정병원,118386,606.0,0.0051
동대문구,용신동,신설동역 9번,141747,726.0,0.0051
서초구,반포4동,반포4동주민센터(몽마르뜨공원),75392,386.0,0.0051
서초구,방배4동,내방역 5번,60073,305.0,0.0051
송파구,방이2동,잠실 관광특구,2462734,12492.0,0.0051
영등포구,신길6동,신풍역 6번(신길6동공영주차장),14185,73.0,0.0051
은평구,구산동,예일여고,93412,477.0,0.0051
은평구,불광2동,연신내우체국,103329,528.0,0.0051
은평구,증산동,증산역 3번,154127,789.0,0.0051
강동구,둔촌2동,둔촌고등학교(둔촌중학교),66695,332.0,0.005
강동구,천호3동,천일초등학교,62233,313.0,0.005
강북구,우이동,솔밭공원역 2번,103855,520.0,0.005
관악구,신사동,신림종합시장,8761,44.0,0.005
광진구,광장동,장로회신학대학교,45933,228.0,0.005
구로구,오류1동,오류동역 3번,115792,579.0,0.005
금천구,독산2동,말미고개,180092,906.0,0.005
도봉구,창5동,도봉구민회관,44767,223.0,0.005
동작구,노량진1동,본동인정시장(기능상실),24321,122.0,0.005
동작구,신대방2동,보라매역 2번,128484,636.0,0.005
성동구,송정동,성동세무서,136762,681.0,0.005
성북구,동선동,성신여대입구역 7번,107374,540.0,0.005
양천구,목2동,목동문화체육센터,43801,217.0,0.005
영등포구,신길7동,서울지방병무청,141531,701.0,0.005
용산구,남영동,숙대입구역 1번,128905,649.0,0.005
용산구,효창동,효창공원앞역 2번,131550,657.0,0.005
강남구,대치2동,휘문고교사거리,133570,661.0,0.0049
강북구,수유1동,수유1동주민센터,134108,663.0,0.0049
강서구,화곡6동,강서새말어린이공원,38920,190.0,0.0049
금천구,가산동,금천구립가산도서관,64563,317.0,0.0049
금천구,시흥1동,금천구청역 1번 출입구,161006,781.0,0.0049
동대문구,답십리1동,답십리 건축자재시장,51943,252.0,0.0049
동대문구,전농1동,서울시립대,110970,541.0,0.0049
동작구,노량진1동,노량진초등학교,100857,497.0,0.0049
동작구,노량진1동,동작구자원봉사센터,33607,164.0,0.0049
마포구,성산2동,새터산,101078,493.0,0.0049
서대문구,북가좌2동,북가좌2동주민센터,183812,898.0,0.0049
서초구,방배4동,내방역 8번,88173,431.0,0.0049
서초구,잠원동,논현역 5번,70278,342.0,0.0049
성북구,성북동,한성대입구역 5번,112177,550.0,0.0049
은평구,역촌동,구산역 2번,102377,501.0,0.0049
중구,소공동,경찰청앞교차로,90827,442.0,0.0049
중구,장충동,관성묘,29575,144.0,0.0049
중랑구,면목5동,면목5동주민센터,105010,511.0,0.0049
강북구,송천동,송천동주민센터,26098,126.0,0.0048
강서구,화곡2동,곰달래도서관,205223,979.0,0.0048
강서구,화곡본동,화곡역 4번,372788,1803.0,0.0048
동대문구,이문1동,청량초등학교,35455,171.0,0.0048
동대문구,제기동,고려대역 4번,67780,322.0,0.0048
동대문구,휘경1동,회기역 1번,51478,249.0,0.0048
동작구,노량진2동,노량진역 6번,236972,1127.0,0.0048
마포구,공덕동,애오개역 3번,31214,149.0,0.0048
마포구,망원1동,망원나들목체육관,61616,295.0,0.0048
성동구,용답동,답십리역 6번,43065,208.0,0.0048
성북구,장위2동,상월곡역 2번,117350,561.0,0.0048
양천구,신월3동,신월3동주민센터,177705,849.0,0.0048
중랑구,망우3동,망우3동주민센터,71237,339.0,0.0048
강남구,도곡1동,은광여고,25543,120.0,0.0047
강서구,가양1동,양천향교역 7번,283983,1346.0,0.0047
광진구,능동,군자역 5번,153696,729.0,0.0047
양천구,신월1동,신월1동주민센터,181005,847.0,0.0047
영등포구,대림1동,신대림초등학교,37357,175.0,0.0047
은평구,불광1동,연신내역 3번,77808,367.0,0.0047
은평구,증산동,증산역 4번,178167,836.0,0.0047
중랑구,중화2동,중랑역 1번,124330,588.0,0.0047
강북구,수유2동,우이천 계성교,142902,660.0,0.0046
관악구,보라매동,보라매동주민센터(당곡고등학교),62226,285.0,0.0046
관악구,서원동,신림역 1번,38288,176.0,0.0046
구로구,구로2동,구로119안전센터,88217,402.0,0.0046
마포구,공덕동,한겨레신문사,72183,334.0,0.0046
서대문구,홍제3동,홍제역 2번,106073,486.0,0.0046
성북구,안암동,대광초등학교,72678,334.0,0.0046
성북구,안암동,보문역 5번,147424,672.0,0.0046
영등포구,신길1동,공군호텔,182950,842.0,0.0046
영등포구,영등포동,영등포동성당,33962,155.0,0.0046
강남구,압구정동,신구중학교,35960,163.0,0.0045
강북구,번2동,서울북부고용노동지청,58262,260.0,0.0045
강북구,인수동,가오리역 2번,75348,336.0,0.0045
관악구,미성동,미성동주민센터,113505,508.0,0.0045
광진구,자양2동,자양종합시장(기능상실),6160,28.0,0.0045
구로구,고척1동,고척중학교,15243,68.0,0.0045
구로구,수궁동,서울공연예술고등학교,56085,251.0,0.0045
동대문구,장안1동,군자초등학교,43581,196.0,0.0045
서초구,서초1동,남부터미널역 1번,186714,837.0,0.0045
성북구,석관동,의릉,47130,211.0,0.0045
성북구,장위2동,우리은행체육관,88610,395.0,0.0045
용산구,서빙고동,오산고등학교,96560,433.0,0.0045
용산구,효창동,효창동주민센터,100249,448.0,0.0045
은평구,신사2동,내를건너서숲으로도서관,59764,269.0,0.0045
중랑구,면목본동,면목역 1번,152104,681.0,0.0045
중랑구,상봉1동,상봉역 7번,114328,515.0,0.0045
강남구,논현2동,학동초등학교,50014,222.0,0.0044
강남구,도곡1동,매봉역 1번,52363,228.0,0.0044
강남구,세곡동,대왕초등학교(세곡동사거리서남측),52892,233.0,0.0044
강북구,수유1동,화계역 2번,26807,118.0,0.0044
강북구,인수동,수유북부골목시장,4552,20.0,0.0044
관악구,난향동,난향초등학교,77274,338.0,0.0044
구로구,구로5동,구로구민회관,40106,176.0,0.0044
금천구,시흥5동,삼성산자연공원(서울금천초등학교),134370,591.0,0.0044
노원구,상계3·4동,당고개역 5번,99026,439.0,0.0044
노원구,상계5동,상계역전종합상가,11940,52.0,0.0044
도봉구,쌍문1동,쌍문초등학교,143845,632.0,0.0044
도봉구,쌍문3동,도봉우체국,55371,246.0,0.0044
동대문구,용신동,용두초등학교,28847,128.0,0.0044
동대문구,청량리동,세종대왕기념관교차로,24771,110.0,0.0044
동작구,사당5동,총신대학교,46691,205.0,0.0044
마포구,합정동,절두산순교성지,41215,181.0,0.0044
서초구,서초1동,서울시인재개발원,40038,178.0,0.0044
성북구,종암동,종암중학교,91409,399.0,0.0044
양천구,신월1동,신월1동우편취급국,220158,976.0,0.0044
강북구,미아동,미아역 5번,115228,491.0,0.0043
강북구,송천동,삼양사거리역 1번,74852,323.0,0.0043
강북구,수유3동,인수동 우편취급국,111455,484.0,0.0043
강서구,염창동,염창역 2번,69101,299.0,0.0043
강서구,화곡4동,화곡4동주민센터,164488,702.0,0.0043
관악구,조원동,KT구로지사,80033,346.0,0.0043
도봉구,쌍문1동,솔밭공원역 1번,40166,173.0,0.0043
서대문구,북가좌2동,연가초등학교,122136,527.0,0.0043
서대문구,홍제1동,홍제역 3번,37420,161.0,0.0043
성북구,성북동,홍대부중,90071,391.0,0.0043
양천구,신정3동,신정네거리역 2번,48181,206.0,0.0043
종로구,가회동,중앙고등학교,166872,720.0,0.0043
종로구,이화동,이화달팽이길,159124,690.0,0.0043
강동구,천호1동,천호1동주민센터,110491,466.0,0.0042
강동구,천호1동,천호초등학교,59080,246.0,0.0042
강서구,공항동,송정역 2번,86547,366.0,0.0042
관악구,청림동,청림동주민센터(상도중학교),57942,241.0,0.0042
구로구,개봉3동,개봉3동주민센터,81457,341.0,0.0042
구로구,구로2동,화원어린이공원,50397,210.0,0.0042
동대문구,이문1동,경희대후문,79862,335.0,0.0042
동작구,신대방2동,신대방삼거리역 3번,88509,370.0,0.0042
성북구,석관동,석관고등학교,62554,263.0,0.0042
송파구,가락본동,석촌중학교(방이육교),80535,335.0,0.0042
송파구,송파2동,송파역 2번,99527,422.0,0.0042
송파구,오금동,거여초등학교,57097,241.0,0.0042
양천구,신월3동,서울금융고등학교,42118,179.0,0.0042
용산구,보광동,NH농협은행 보광동지점,105153,443.0,0.0042
용산구,보광동,한국폴리텍대학서울정수캠퍼스,97059,407.0,0.0042
은평구,구산동,구산초등학교,36415,152.0,0.0042
종로구,숭인1동,창신역 4번,77869,329.0,0.0042
강북구,번3동,번동주공2단지,50484,206.0,0.0041
강서구,등촌2동,등촌역 7번,73721,301.0,0.0041
관악구,신사동,신림우방아파트,106563,433.0,0.0041
관악구,신원동,신림초등학교,53857,222.0,0.0041
구로구,오류1동,오류지구대,79928,325.0,0.0041
금천구,시흥1동,금천해태공원,148638,604.0,0.0041
금천구,시흥3동,석수역 1번 출입구,72218,297.0,0.0041
동대문구,청량리동,동대문경찰서,35357,146.0,0.0041
동작구,상도3동,신대방삼거리역 1번,182490,753.0,0.0041
성북구,월곡1동,KT월곡지사,76869,313.0,0.0041
영등포구,대림3동,신우어린이공원,40126,164.0,0.0041
은평구,갈현2동,선정중학교,117225,483.0,0.0041
종로구,사직동,성곡미술관,124348,512.0,0.0041
종로구,혜화동,서울국제고등학교,133692,544.0,0.0041
중랑구,망우3동,유영시장,5784,24.0,0.0041
강북구,삼양동,삼양사거리역 2번,101492,408.0,0.004
강북구,인수동,강북문화예술회관,122433,491.0,0.004
관악구,삼성동,원신초등학교(구세군관악영문교회),110847,444.0,0.004
동작구,사당3동,사당종합체육관,33058,132.0,0.004
서대문구,홍제1동,홍제성원아파트,14283,57.0,0.004
서초구,반포4동,서초소방서,48294,191.0,0.004
성동구,용답동,서울교통공사,80187,322.0,0.004
성북구,정릉2동,정릉우체국,153101,609.0,0.004
송파구,거여1동,거여역 8번,12895,52.0,0.004
양천구,신월2동,신월2동주민센터,199259,800.0,0.004
양천구,신월7동,신월7동주민센터,158307,633.0,0.004
강남구,대치2동,대치2동주민센터,112841,437.0,0.0039
강남구,삼성1동,봉은사역 4번,122757,473.0,0.0039
강북구,번1동,KT&G 북부지사,32184,125.0,0.0039
강북구,수유3동,수유시장옆,135413,525.0,0.0039
강북구,우이동,무너미어린이공원,105257,414.0,0.0039
강서구,방화1동,신방화역 8번,97165,380.0,0.0039
강서구,방화2동,방화초등학교,91895,359.0,0.0039
금천구,시흥1동,금천어울림복지센터,36821,144.0,0.0039
동대문구,회기동,시조사삼거리,42223,165.0,0.0039
성북구,정릉1동,솔숲어린이공원,37902,149.0,0.0039
영등포구,신길1동,대방역 6번,92336,362.0,0.0039
은평구,신사2동,상신초등학교입구,61765,242.0,0.0039
중랑구,중화2동,배꽃어린이공원,29174,113.0,0.0039
관악구,삼성동,미림여고,45308,170.0,0.0038
도봉구,도봉2동,누원고등학교,74353,281.0,0.0038
서초구,방배3동,방현초등학교(방배119안전센터),148771,572.0,0.0038
서초구,서초1동,서초동성당,98532,373.0,0.0038
서초구,서초1동,한국상담대학원대학교,24916,94.0,0.0038
송파구,거여2동,개미어린이공원,42008,158.0,0.0038
강남구,논현1동,학동근린공원,92947,346.0,0.0037
강남구,역삼2동,강남세브란스병원미래의학연구센터,46603,173.0,0.0037
강북구,인수동,인수중학교,50149,184.0,0.0037
광진구,군자동,세종대학교,45957,169.0,0.0037
광진구,능동,아차산역 5번,85050,316.0,0.0037
금천구,독산3동,난곡중학교,142894,524.0,0.0037
동대문구,제기동,고대앞사거리,101416,376.0,0.0037
서대문구,북가좌2동,증산역 1번,115165,429.0,0.0037
서초구,방배1동,내방역 1번,62116,232.0,0.0037
서초구,방배3동,방배역 1번,14707,54.0,0.0037
성동구,사근동,사근동살곶이상점가,128923,482.0,0.0037
용산구,청파동,배문고등학교,204936,754.0,0.0037
종로구,창신2동,동대문역 1번,153230,569.0,0.0037
중구,장충동,장충동주민센터,135606,495.0,0.0037
강남구,청담동,청담초등학교,63403,230.0,0.0036
강서구,등촌1동,등마루시장,14496,52.0,0.0036
구로구,개봉3동,개웅초등학교(개웅중학교),131201,471.0,0.0036
도봉구,창4동,창동중학교,21146,76.0,0.0036
마포구,합정동,양화대교북단,102440,369.0,0.0036
성북구,장위1동,장위1동주민센터,84262,305.0,0.0036
성북구,정릉4동,서경대학교,193247,696.0,0.0036
강서구,화곡4동,신곡초등학교,146128,517.0,0.0035
동대문구,제기동,제기동역 1번,88499,312.0,0.0035
성동구,마장동,마장역 3번,169553,593.0,0.0035
영등포구,당산2동,당산역 8번,54674,193.0,0.0035
은평구,녹번동,역촌역 3번,191591,661.0,0.0035
은평구,불광2동,세명컴퓨터고등학교,125765,435.0,0.0035
중구,회현동,중구회현체육센터(정화예술대남산캠퍼스),76242,266.0,0.0035
중랑구,상봉1동,망우역 1번,164846,578.0,0.0035
중랑구,중화2동,KB국민은행 중화동지점,62374,217.0,0.0035
관악구,행운동,낙성대역 5번(관악중학교),73363,248.0,0.0034
구로구,개봉3동,개봉초등학교,91947,312.0,0.0034
구로구,고척1동,고척초등학교,131905,449.0,0.0034
구로구,수궁동,수궁동주민센터,191258,657.0,0.0034
노원구,월계1동,광운대학교 남단,88266,299.0,0.0034
도봉구,방학3동,연산군묘,16363,55.0,0.0034
동작구,사당2동,경문고등학교(동작동성당),115412,398.0,0.0034
서대문구,연희동,서연중학교,171649,588.0,0.0034
서초구,잠원동,잠원역,60236,205.0,0.0034
양천구,신정4동,신정역 1번,105248,354.0,0.0034
용산구,서빙고동,서빙고역 1번,58652,197.0,0.0034
강남구,역삼1동,국기원,39799,131.0,0.0033
강남구,역삼1동,언주역 8번,71587,234.0,0.0033
관악구,난곡동,난우중학교,139406,454.0,0.0033
구로구,개봉1동,큰굴다리,68249,228.0,0.0033
서대문구,연희동,연희지하차도,112524,376.0,0.0033
서대문구,홍제1동,서대문구보건소별관,115619,381.0,0.0033
서초구,방배본동,서래초등학교,76657,253.0,0.0033
영등포구,신길3동,도림초등학교,68722,225.0,0.0033
영등포구,신길5동,신길대성유니드아파트,87225,286.0,0.0033
중구,필동,남산골공원옆,72607,241.0,0.0033
강남구,삼성1동,청담역 3번,79185,250.0,0.0032
강북구,수유2동,덕수교,102062,331.0,0.0032
강북구,인수동,국립재활원,62499,201.0,0.0032
구로구,오류2동,"천왕역 3번(오류2동주민센터, 서울오류남초등학교)",42464,137.0,0.0032
영등포구,문래동,구로세무서,45358,144.0,0.0032
은평구,불광1동,연천초등학교,67748,219.0,0.0032
중랑구,중화2동,세화어린이공원,32631,105.0,0.0032
강남구,논현1동,논현역 7번,46164,142.0,0.0031
강북구,번2동,강북문화정보도서관,40504,124.0,0.0031
강서구,등촌2동,백석중학교,69786,213.0,0.0031
관악구,대학동,서울산업정보학교(서울삼성초등학교),56397,175.0,0.0031
관악구,성현동,관악동부센트레빌아파트(은천로35라길),30920,95.0,0.0031
동대문구,청량리동,홍릉근린공원,37314,117.0,0.0031
서대문구,북가좌1동,증산3교남측,32244,100.0,0.0031
성북구,석관동,상월곡역 3번,88297,274.0,0.0031
성북구,정릉4동,북한산보국문역 1번,45706,140.0,0.0031
양천구,신월3동,서서울호수공원,118222,361.0,0.0031
영등포구,도림동,도림동주민센터,27268,85.0,0.0031
구로구,고척1동,고산초등학교,20963,63.0,0.003
구로구,오류2동,금강수목원아파트,33067,100.0,0.003
서대문구,홍은2동,홍은중학교,64938,192.0,0.003
성북구,정릉3동,북한산보국문역 2번,162270,490.0,0.003
성북구,정릉3동,정릉3동주민센터,60168,180.0,0.003
영등포구,신길1동,대방역 4번,51645,153.0,0.003
은평구,녹번동,녹번동근린공원,128235,386.0,0.003
강서구,방화3동,정곡초등학교,19884,57.0,0.0029
구로구,수궁동,오류고등학교,41660,122.0,0.0029
구로구,신도림동,구로창업지원센터,185688,532.0,0.0029
노원구,상계3·4동,상계3동4동주민센터,54632,158.0,0.0029
성동구,응봉동,대현산장미원,19485,56.0,0.0029
성북구,정릉4동,정릉북한산국립공원입구,57402,166.0,0.0029
성북구,종암동,KB국민은행 종암동지점,52907,154.0,0.0029
양천구,신정3동,계남근린공원,70654,204.0,0.0029
강서구,방화2동,김포공항역(김포공항),700542,1959.0,0.0028
강서구,화곡6동,KC대학교,48432,134.0,0.0028
도봉구,도봉1동,도봉산입구,542024,1501.0,0.0028
동작구,신대방1동,신대방역 3번,49264,140.0,0.0028
마포구,성산2동,마포농수산물시장,217669,609.0,0.0028
서초구,양재1동,방아다리근린공원(횃불트리니티신학대학원대학교),40444,112.0,0.0028
성동구,응봉동,응봉산,89115,247.0,0.0028
영등포구,영등포본동,영등포본동주민센터,29319,83.0,0.0028
은평구,갈현1동,갈현건영아파트,155714,431.0,0.0028
은평구,수색동,수색역 1번,39392,112.0,0.0028
종로구,부암동,세검정초등학교,191570,531.0,0.0028
광진구,중곡4동,중곡4동주민센터,47879,128.0,0.0027
구로구,개봉2동,오류동역 1번,87977,234.0,0.0027
도봉구,도봉1동,도봉역 2번,454340,1245.0,0.0027
동작구,사당1동,예술인마을,104588,286.0,0.0027
성북구,길음2동,길음역 10번,21941,60.0,0.0027
송파구,마천1동,마천1치안센터,131215,351.0,0.0027
영등포구,문래동,문래동사거리,81024,217.0,0.0027
종로구,숭인2동,신설종합시장,9800,26.0,0.0027
종로구,이화동,혜화역 1번,117673,314.0,0.0027
종로구,청운효자동,청운초등학교,26913,72.0,0.0027
강남구,세곡동,윗방죽마을공원,239797,628.0,0.0026
서대문구,신촌동,서대문우체국,91935,239.0,0.0026
성북구,정릉3동,국민대학교앞,69438,183.0,0.0026
용산구,서빙고동,서빙고동주민센터,105979,276.0,0.0026
종로구,가회동,정독도서관,83855,222.0,0.0026
종로구,사직동,사직공원(한국사회과학도서관),80252,206.0,0.0026
서대문구,연희동,홍남교남측,21259,54.0,0.0025
영등포구,문래동,문래동남성맨션,31681,80.0,0.0025
중구,다산동,다산성곽길,85386,216.0,0.0025
강북구,수유1동,화계중학교,38830,93.0,0.0024
강북구,우이동,북한산우이역 2번,140183,340.0,0.0024
동작구,대방동,신대방삼거리역 4번(대림초등학교),91041,221.0,0.0024
성북구,장위1동,장위동성당,45509,110.0,0.0024
종로구,청운효자동,경복고등학교,63411,154.0,0.0024
금천구,독산1동,독산역 1번 출입구,106562,242.0,0.0023
금천구,시흥3동,시흥3동 우편취급국,20887,47.0,0.0023
동작구,상도4동,상도초등학교,126620,293.0,0.0023
서대문구,연희동,서대문구청,49879,117.0,0.0023
서대문구,연희동,연희초등학교,200962,468.0,0.0023
서대문구,충현동,경기대학교,71787,162.0,0.0023
송파구,마천2동,마천공원,67894,155.0,0.0023
강북구,인수동,아카데미하우스,120638,271.0,0.0022
도봉구,도봉1동,도봉산역 1번,247532,541.0,0.0022
강서구,공항동,송정역 4번,37678,81.0,0.0021
구로구,수궁동,온수역 5번(온수산업단지),136117,286.0,0.0021
금천구,시흥3동,박미시장(기능상실),7798,16.0,0.0021
서초구,방배2동,남태령역(서울전자고등학교),73654,154.0,0.0021
성북구,월곡2동,월곡역 4번,26587,56.0,0.0021
용산구,한남동,유엔빌리지길,263187,542.0,0.0021
은평구,신사1동,덕산중학교,41323,87.0,0.0021
중구,다산동,버티고개,58013,122.0,0.0021
마포구,성산2동,월드컵경기장역(월드컵경기장),269851,529.0,0.002
서대문구,북아현동,충정로역 7번,39228,78.0,0.002
강남구,세곡동,아래방죽마을공원(율현초등학교),159591,304.0,0.0019
동작구,흑석동,흑석2치안센터,25007,48.0,0.0019
종로구,부암동,자하문터널,178306,346.0,0.0019
종로구,평창동,평창동서측,369415,702.0,0.0019
노원구,월계1동,장석교회,68483,126.0,0.0018
동작구,노량진2동,장승배기역 5번,92311,162.0,0.0018
서대문구,연희동,연희어린이공원,123377,227.0,0.0018
서대문구,홍은2동,정원여중,65332,118.0,0.0018
성북구,월곡1동,동덕여대,8750,16.0,0.0018
성북구,장위3동,번동시장,7426,13.0,0.0018
양천구,목2동,신목동역,95041,167.0,0.0018
종로구,평창동,이북5도청사,108529,199.0,0.0018
금천구,독산3동,푸른터시장(기능상실),6342,11.0,0.0017
도봉구,방학2동,샘말어린이공원,245401,412.0,0.0017
강남구,세곡동,은곡마을(은곡마을공원),116896,183.0,0.0016
서초구,내곡동,청계산입구역 2번(내곡동주민센터),84941,132.0,0.0016
서초구,방배3동,방배역 2번(백석예술대학교),15874,25.0,0.0016
은평구,진관동,하나고등학교,133323,215.0,0.0016
서대문구,홍은2동,명지전문대,34484,53.0,0.0015
서초구,내곡동,서울나래학교(염곡어린이공원),70228,107.0,0.0015
용산구,이태원1동,이태원역 북측,133757,194.0,0.0015
종로구,부암동,세검정,244923,331.0,0.0014
중랑구,신내1동,신내역 1번,112596,159.0,0.0014
강북구,삼양동,구세군강북종합사회복지관,32980,44.0,0.0013
동작구,흑석동,중대부중,60861,80.0,0.0013
성북구,종암동,종암아이파크2차후문,26270,33.0,0.0013
영등포구,양평1동,양남시장,2975,4.0,0.0013
구로구,수궁동,온수역 1번,82313,98.0,0.0012
구로구,수궁동,온수역 8번,32907,40.0,0.0012
서대문구,신촌동,봉원사,112347,140.0,0.0012
종로구,청운효자동,청와대사랑채,69399,82.0,0.0012
강남구,개포1동,개포지하차도 북측,37865,42.0,0.0011
서초구,내곡동,본마을노인복지센터(서초구립내곡도서관),104024,105.0,0.001
강남구,대치2동,은마종합상점가,30661,28.0,0.0009
강북구,인수동,인수초등학교,99103,94.0,0.0009
강서구,발산1동,신광명마을,121040,112.0,0.0009
도봉구,쌍문1동,효문고등학교,96072,91.0,0.0009
은평구,증산동,수색성당,73705,70.0,0.0009
양천구,신정7동,갈산공원,156540,121.0,0.0008
종로구,평창동,평창동동측,522818,438.0,0.0008
중랑구,신내1동,신내IC북측,118914,97.0,0.0008
서초구,내곡동,헌인가구단지,198674,147.0,0.0007
종로구,부암동,부암동주민센터,91486,67.0,0.0007
성북구,성북동,길상사,244583,148.0,0.0006
영등포구,영등포동,서울시립영등포장애인복지관,14104,8.0,0.0006
은평구,불광2동,불광중학교,300653,174.0,0.0006
중랑구,신내1동,신내역 2번,481217,298.0,0.0006
도봉구,쌍문1동,문이교,108209,59.0,0.0005
성북구,성북동,북정마을,151078,83.0,0.0005
종로구,부암동,홍지문,78118,36.0,0.0005
서초구,방배3동,방배배수지체육공원,282743,58.0,0.0002
