commercial_area,sex,total_sales
4.19민주묘지역 2번,MALE,5877781286.0
4.19민주묘지역 2번,FEMALE,4376087189.0
63빌딩,MALE,6091447264.0
63빌딩,FEMALE,3482104605.0
DMC(디지털미디어시티),MALE,30692557523.0
DMC(디지털미디어시티),FEMALE,26085967275.0
GS강동자이아파트,MALE,2929640997.0
GS강동자이아파트,FEMALE,1876208628.0
G타워,MALE,780219419.0
G타워,FEMALE,415159203.0
KB국민은행 망원동지점,MALE,6353187530.0
KB국민은행 망원동지점,FEMALE,4072623618.0
KB국민은행 서강지점,MALE,1561707739.0
KB국민은행 서강지점,FEMALE,1671328803.0
KB국민은행 종암동지점,MALE,1051769188.0
KB국민은행 종암동지점,FEMALE,620034634.0
KB국민은행 중화동지점,MALE,1275413887.0
KB국민은행 중화동지점,FEMALE,596275660.0
KC대학교,MALE,106821523.0
KC대학교,FEMALE,73299729.0
KT&G 북부지사,MALE,1149520773.0
KT&G 북부지사,FEMALE,574708531.0
KT구로지사,MALE,1360147011.0
KT구로지사,FEMALE,816114290.0
KT금천빌딩(금천구시설관리공단),MALE,1202678139.0
KT금천빌딩(금천구시설관리공단),FEMALE,1185142614.0
KT대방빌딩,MALE,142694704.0
KT대방빌딩,FEMALE,141074555.0
KT월곡지사,MALE,1969237076.0
KT월곡지사,FEMALE,1131550013.0
NH농협은행 보광동지점,MALE,454976105.0
NH농협은행 보광동지점,FEMALE,264774380.0
NH농협은행 상도동지점,MALE,6616198127.0
NH농협은행 상도동지점,FEMALE,4488042763.0
Sh수협은행 오금동금융센터(아랫말어린이공원),MALE,638912475.0
Sh수협은행 오금동금융센터(아랫말어린이공원),FEMALE,315610012.0
가락시장,MALE,34093684202.0
가락시장,FEMALE,13491997205.0
가락시장역,MALE,34589430434.0
가락시장역,FEMALE,16672416835.0
가로수길,MALE,57639495295.0
가로수길,FEMALE,51350440422.0
가리봉시장,MALE,327412887.0
가리봉시장,FEMALE,175862869.0
가리봉파출소,MALE,837554838.0
가리봉파출소,FEMALE,414602140.0
가산동우체국,MALE,5987390313.0
가산동우체국,FEMALE,3257574169.0
가산동주민센터,MALE,7366330453.0
가산동주민센터,FEMALE,4157502022.0
가산디지털단지,MALE,123458538493.0
가산디지털단지,FEMALE,76010786388.0
가산디지털단지역 1번 출입구,MALE,3260200283.0
가산디지털단지역 1번 출입구,FEMALE,1435687326.0
가산초등학교(세일중학교),MALE,3636753570.0
가산초등학교(세일중학교),FEMALE,1761010923.0
가양역 10번,MALE,3324736857.0
가양역 10번,FEMALE,2836148589.0
가오리역 1번,MALE,1239863882.0
가오리역 1번,FEMALE,923817398.0
가오리역 2번,MALE,1558226070.0
가오리역 2번,FEMALE,1266042409.0
가인초등학교,MALE,1492372989.0
가인초등학교,FEMALE,963827875.0
가좌역 2번,MALE,1645563608.0
가좌역 2번,FEMALE,929480709.0
가좌역 3번,MALE,672387079.0
가좌역 3번,FEMALE,207615107.0
간데메공원,MALE,2263257805.0
간데메공원,FEMALE,1925051838.0
갈산공원,MALE,2626281020.0
갈산공원,FEMALE,553925381.0
갈현건영아파트,MALE,89181116.0
갈현건영아파트,FEMALE,61662440.0
강남 마이스 관광특구,MALE,47703209949.0
강남 마이스 관광특구,FEMALE,58950682570.0
강남개포시장,MALE,13753522878.0
강남개포시장,FEMALE,9632383024.0
강남골목시장,MALE,2033523026.0
강남골목시장,FEMALE,1013646231.0
"강남구청(청담역_8번, 강남세무서)",MALE,8664690338.0
"강남구청(청담역_8번, 강남세무서)",FEMALE,6597525187.0
강남구청역,MALE,36019663251.0
강남구청역,FEMALE,29769721499.0
강남구청역 2번,MALE,1677985704.0
강남구청역 2번,FEMALE,877369148.0
강남구청역 4번,MALE,99303220.0
강남구청역 4번,FEMALE,139120172.0
강남세브란스병원미래의학연구센터,MALE,274419048.0
강남세브란스병원미래의학연구센터,FEMALE,234774134.0
강남시장(강남구 강남시장),MALE,3993514074.0
강남시장(강남구 강남시장),FEMALE,2505922371.0
강남시장(동작구 강남시장),MALE,460212135.0
강남시장(동작구 강남시장),FEMALE,286506597.0
강남언주로,MALE,8142512481.0
강남언주로,FEMALE,4119021338.0
강남역,MALE,237660562911.0
강남역,FEMALE,190418529688.0
강남을지병원,MALE,24603179555.0
강남을지병원,FEMALE,14660065257.0
강동구립 천호도서관,MALE,1239474863.0
강동구립 천호도서관,FEMALE,597955454.0
강동구립성내도서관,MALE,3794063202.0
강동구립성내도서관,FEMALE,2287200701.0
강동구청(강동구청역 2번),MALE,327181289.0
강동구청(강동구청역 2번),FEMALE,339619101.0
강동구청역,MALE,21458463382.0
강동구청역,FEMALE,14379992235.0
강동성심병원,MALE,2443695186.0
강동성심병원,FEMALE,1818766928.0
강동역 4번(강풀만화거리),MALE,13034641690.0
강동역 4번(강풀만화거리),FEMALE,7545724726.0
강변역(테크노마트),MALE,11837403341.0
강변역(테크노마트),FEMALE,10541383720.0
강북구청,MALE,6632744197.0
강북구청,FEMALE,3659494812.0
강북문화예술회관,MALE,1205386869.0
강북문화예술회관,FEMALE,645629720.0
강북북부골목시장,MALE,648561839.0
강북북부골목시장,FEMALE,130585676.0
강북종합전통시장(강북종합골목시장),MALE,14377516190.0
강북종합전통시장(강북종합골목시장),FEMALE,7200643266.0
강북중학교,MALE,2030837240.0
강북중학교,FEMALE,1419875768.0
강서고등학교,MALE,1023600348.0
강서고등학교,FEMALE,539208996.0
강서구다솔마을,MALE,4268004086.0
강서구다솔마을,FEMALE,1256767312.0
강서구청,MALE,37707668031.0
강서구청,FEMALE,18953329161.0
강서구청가양동별관,MALE,487204556.0
강서구청가양동별관,FEMALE,310835028.0
강서구청옆,MALE,2945304814.0
강서구청옆,FEMALE,1512050450.0
강서농산물도매시장,MALE,4488639888.0
강서농산물도매시장,FEMALE,1946820837.0
강서새말어린이공원,MALE,103097159.0
강서새말어린이공원,FEMALE,51251620.0
강일동주민센터,MALE,3581376577.0
강일동주민센터,FEMALE,2791859136.0
개나리아파트,MALE,6957363451.0
개나리아파트,FEMALE,5758818023.0
개롱역,MALE,16113807986.0
개롱역,FEMALE,9844727619.0
개봉1동주민센터,MALE,6245765227.0
개봉1동주민센터,FEMALE,3508384643.0
개봉3동주민센터,MALE,169359595.0
개봉3동주민센터,FEMALE,113361491.0
개봉동 현대아파트,MALE,13463767839.0
개봉동 현대아파트,FEMALE,8538168122.0
개봉역,MALE,6350556972.0
개봉역,FEMALE,5232880961.0
개봉중앙시장,MALE,5647110568.0
개봉중앙시장,FEMALE,3756714093.0
개봉중학교,MALE,3150300833.0
개봉중학교,FEMALE,1703623585.0
개봉초등학교,MALE,868131819.0
개봉초등학교,FEMALE,403075980.0
개웅초등학교(개웅중학교),MALE,819228797.0
개웅초등학교(개웅중학교),FEMALE,444321346.0
개포고등학교,MALE,6220709315.0
개포고등학교,FEMALE,3702396351.0
개포지구대옆,MALE,351228847.0
개포지구대옆,FEMALE,168916267.0
개화산역 1번,MALE,3764973990.0
개화산역 1번,FEMALE,1383602439.0
거여역,MALE,15871267998.0
거여역,FEMALE,10509887704.0
거여역 1번(거여공원),MALE,4636678065.0
거여역 1번(거여공원),FEMALE,2823649103.0
거여초등학교,MALE,7988082.0
거여초등학교,FEMALE,17511768.0
건대입구역 1번,MALE,5862496703.0
건대입구역 1번,FEMALE,3983311918.0
건대입구역 6번,MALE,10979247917.0
건대입구역 6번,FEMALE,7018953848.0
건대입구역(건대),MALE,89334388130.0
건대입구역(건대),FEMALE,87943065076.0
경기고교사거리(경기고교앞사거리),MALE,3427683028.0
경기고교사거리(경기고교앞사거리),FEMALE,2006788989.0
경기대학교,MALE,35212649.0
경기대학교,FEMALE,30553662.0
경동고등학교,MALE,1970894780.0
경동고등학교,FEMALE,1410757482.0
경동광성상가(경동시장),MALE,36160080.0
경동광성상가(경동시장),FEMALE,19285536.0
경동시장,MALE,1556174943.0
경동시장,FEMALE,1312496664.0
경리단길남측,MALE,10238538370.0
경리단길남측,FEMALE,7025386166.0
경리단길북측,MALE,10629251534.0
경리단길북측,FEMALE,8981967351.0
경문고등학교(동작동성당),MALE,138109638.0
경문고등학교(동작동성당),FEMALE,69512376.0
경복고등학교,MALE,786054739.0
경복고등학교,FEMALE,568437674.0
경복아파트교차로,MALE,5991137661.0
경복아파트교차로,FEMALE,3443061654.0
경성고등학교,MALE,7759457851.0
경성고등학교,FEMALE,5968017796.0
경수초등학교,MALE,7829492732.0
경수초등학교,FEMALE,9915034556.0
경신고등학교,MALE,441029146.0
경신고등학교,FEMALE,408155731.0
경의선책거리,MALE,7613094010.0
경의선책거리,FEMALE,11080755049.0
경의중앙 신촌역,MALE,2591611236.0
경의중앙 신촌역,FEMALE,3416764870.0
경찰병원역,MALE,23840371702.0
경찰병원역,FEMALE,12536436917.0
경찰병원역 3번,MALE,336213270.0
경찰병원역 3번,FEMALE,221146626.0
경찰병원역 4번(건너말공원),MALE,774261396.0
경찰병원역 4번(건너말공원),FEMALE,396950557.0
경찰청앞교차로,MALE,3598730529.0
경찰청앞교차로,FEMALE,3404705960.0
경창시장,MALE,1827488639.0
경창시장,FEMALE,1097392183.0
경춘선숲길 우측,MALE,12845012041.0
경춘선숲길 우측,FEMALE,9033987758.0
경향신문사,MALE,5172807079.0
경향신문사,FEMALE,4711385751.0
경희대삼거리,MALE,7951860630.0
경희대삼거리,FEMALE,6004364172.0
경희대학교(경희대),MALE,25691739071.0
경희대학교(경희대),FEMALE,25173527454.0
경희대후문,MALE,1745123639.0
경희대후문,FEMALE,2455822087.0
계상초등학교,MALE,2729709545.0
계상초등학교,FEMALE,1462016158.0
고대앞사거리,MALE,1652291104.0
고대앞사거리,FEMALE,996233073.0
고덕 골목형상점가,MALE,4524387460.0
고덕 골목형상점가,FEMALE,3648909012.0
고덕동성당,MALE,5242890479.0
고덕동성당,FEMALE,2982138494.0
고덕역,MALE,32699567839.0
고덕역,FEMALE,35250522564.0
고덕중학교(고덕2동주민센터),MALE,2345288876.0
고덕중학교(고덕2동주민센터),FEMALE,1016752523.0
고려대역 4번,MALE,744359418.0
고려대역 4번,FEMALE,269072578.0
고려대역 6번,MALE,5720256685.0
고려대역 6번,FEMALE,4487487553.0
고분다리전통시장,MALE,1315544738.0
고분다리전통시장,FEMALE,736879042.0
고속터미널(고속터미널역),MALE,14443602705.0
고속터미널(고속터미널역),FEMALE,13028507361.0
고척골목시장상점가(그라운드 고척),MALE,1473094813.0
고척골목시장상점가(그라운드 고척),FEMALE,1002990089.0
고척근린시장,MALE,3011340332.0
고척근린시장,FEMALE,2667271100.0
고척동성당,MALE,1660980737.0
고척동성당,FEMALE,1458755942.0
고척중학교,MALE,905204940.0
고척중학교,FEMALE,730546845.0
고척초등학교,MALE,187530738.0
고척초등학교,FEMALE,61038503.0
곰달래도서관,MALE,560890150.0
곰달래도서관,FEMALE,290583169.0
공군호텔,MALE,10305141631.0
공군호텔,FEMALE,5853500067.0
공덕동주민센터,MALE,621731753.0
공덕동주민센터,FEMALE,255869147.0
공덕래미안3차아파트,MALE,692832603.0
공덕래미안3차아파트,FEMALE,428333695.0
공덕시장,MALE,6298492465.0
공덕시장,FEMALE,2275573234.0
공덕역(공덕오거리),MALE,21503328295.0
공덕역(공덕오거리),FEMALE,16286529606.0
공릉동 국수거리,MALE,6074688195.0
공릉동 국수거리,FEMALE,3256179761.0
공릉동 도깨비시장,MALE,2561783945.0
공릉동 도깨비시장,FEMALE,2666042908.0
공릉역,MALE,22467973861.0
공릉역,FEMALE,15755052980.0
공릉역 2번,MALE,840603428.0
공릉역 2번,FEMALE,686827709.0
공항고등학교,MALE,997877766.0
공항고등학교,FEMALE,370300650.0
공항시장,MALE,1800764610.0
공항시장,FEMALE,528469289.0
공항시장역 1번,MALE,5772375705.0
공항시장역 1번,FEMALE,2139688771.0
공항시장역 3번,MALE,1186422218.0
공항시장역 3번,FEMALE,760469756.0
관성묘,MALE,666023644.0
관성묘,FEMALE,291563643.0
관악구 중앙길,MALE,13357834739.0
관악구 중앙길,FEMALE,8013005482.0
관악구신사동주민센터,MALE,8528410435.0
관악구신사동주민센터,FEMALE,4472335693.0
관악소방서(문영여고),MALE,1215493284.0
관악소방서(문영여고),FEMALE,533762363.0
관악신사시장,MALE,2210742262.0
관악신사시장,FEMALE,1561509058.0
관악우성아파트,MALE,925380597.0
관악우성아파트,FEMALE,589021218.0
관악종합시장(신원시장),MALE,108499877.0
관악종합시장(신원시장),FEMALE,89894496.0
관악중부시장,MALE,2949381566.0
관악중부시장,FEMALE,2668047798.0
관악해태어린이공원,MALE,975246442.0
관악해태어린이공원,FEMALE,561650664.0
광나루역 1번,MALE,8158803276.0
광나루역 1번,FEMALE,6331171600.0
광산사거리,MALE,2767722838.0
광산사거리,FEMALE,1395792502.0
광운대역 1번,MALE,4100655377.0
광운대역 1번,FEMALE,2941740963.0
광운대학교 남단,MALE,579362061.0
광운대학교 남단,FEMALE,414241940.0
광장시장(광장전통시장),MALE,18253047453.0
광장시장(광장전통시장),FEMALE,14631176189.0
광진경찰서,MALE,246148248.0
광진경찰서,FEMALE,199450049.0
광진구청,MALE,1618600140.0
광진구청,FEMALE,858204859.0
광진정말공원,MALE,4956950279.0
광진정말공원,FEMALE,2847920551.0
광진정보도서관,MALE,4305072870.0
광진정보도서관,FEMALE,2702859231.0
광진초등학교,MALE,437571175.0
광진초등학교,FEMALE,309220699.0
광화문역,MALE,74243967785.0
광화문역,FEMALE,69307412828.0
광흥창역 1번,MALE,498382192.0
광흥창역 1번,FEMALE,355201437.0
광흥창역 6번,MALE,84345351.0
광흥창역 6번,FEMALE,118892026.0
교대역(법원.검찰청),MALE,101887429024.0
교대역(법원.검찰청),FEMALE,55026463656.0
교대입구교차로,MALE,18700924373.0
교대입구교차로,FEMALE,9950934925.0
교육개발원입구사거리,MALE,6783162063.0
교육개발원입구사거리,FEMALE,4749837354.0
구남초등학교,MALE,1115056763.0
구남초등학교,FEMALE,1048935315.0
구로119안전센터,MALE,1367891108.0
구로119안전센터,FEMALE,489919054.0
구로4동주민센터,MALE,8773513033.0
구로4동주민센터,FEMALE,6532234347.0
구로구민회관,MALE,480829752.0
구로구민회관,FEMALE,447037425.0
구로구청,MALE,11051675950.0
구로구청,FEMALE,8133512369.0
구로나눔길,MALE,5977955415.0
구로나눔길,FEMALE,3926081057.0
구로디지털단지,MALE,61884688530.0
구로디지털단지,FEMALE,39637239827.0
구로디지털단지역,MALE,75134132579.0
구로디지털단지역,FEMALE,40966140753.0
구로디지털단지역 4번,MALE,7284537238.0
구로디지털단지역 4번,FEMALE,3244727544.0
구로보건소,MALE,5542961640.0
구로보건소,FEMALE,2667840301.0
구로세무서,MALE,254348692.0
구로세무서,FEMALE,22716643.0
구로시장,MALE,988712578.0
구로시장,FEMALE,657728347.0
구로역,MALE,27465049708.0
구로역,FEMALE,18088223896.0
구로전화국,MALE,16195625967.0
구로전화국,FEMALE,8374619502.0
구로창업지원센터,MALE,3160003829.0
구로창업지원센터,FEMALE,1193872981.0
구로초등학교,MALE,3267255197.0
구로초등학교,FEMALE,1718625040.0
구립대학경로당(관악산샘말공원),MALE,13036687492.0
구립대학경로당(관악산샘말공원),FEMALE,6983684956.0
구반포역,MALE,268929259.0
구반포역,FEMALE,259034401.0
구산보건지소,MALE,1425493736.0
구산보건지소,FEMALE,936172585.0
구산역,MALE,8703164831.0
구산역,FEMALE,8057265253.0
구산역 1번,MALE,4204116962.0
구산역 1번,FEMALE,2937478329.0
구산역 2번,MALE,897125311.0
구산역 2번,FEMALE,465390044.0
구산역 4번,MALE,3400758612.0
구산역 4번,FEMALE,2472771285.0
구삼강변맛길,MALE,14567460434.0
구삼강변맛길,FEMALE,10966703457.0
구암초등학교,MALE,241840361.0
구암초등학교,FEMALE,234476771.0
구역삼세무서,MALE,24124770042.0
구역삼세무서,FEMALE,15067982748.0
구의1동주민센터,MALE,10369616865.0
구의1동주민센터,FEMALE,6051860257.0
구의사거리,MALE,4693553905.0
구의사거리,FEMALE,2418470665.0
구의역,MALE,40035141964.0
구의역,FEMALE,22062453093.0
구의역 4번,MALE,4394681716.0
구의역 4번,FEMALE,2848896796.0
구파발역,MALE,6269751897.0
구파발역,FEMALE,5018952842.0
국기원,MALE,2496066145.0
국기원,FEMALE,6701272878.0
국립4.19민주묘지,MALE,2290741342.0
국립4.19민주묘지,FEMALE,1498150042.0
국립국악고등학교,MALE,2138088668.0
국립국악고등학교,FEMALE,1466607213.0
국립재활원,MALE,121224535.0
국립재활원,FEMALE,35315896.0
국립정신건강센터,MALE,4527604312.0
국립정신건강센터,FEMALE,2103855428.0
국민대학교앞,MALE,1011675196.0
국민대학교앞,FEMALE,455404315.0
국민은행방학지점,MALE,219127760.0
국민은행방학지점,FEMALE,295090142.0
국악고교사거리,MALE,3292770514.0
국악고교사거리,FEMALE,1882004787.0
국제신학대학원대학교(남서울중학교),MALE,1363938349.0
국제신학대학원대학교(남서울중학교),FEMALE,477659713.0
국회의사당역(국회의사당),MALE,92719663180.0
국회의사당역(국회의사당),FEMALE,63156432416.0
군자역,MALE,55054131911.0
군자역,FEMALE,34685373255.0
군자역 4번,MALE,627536516.0
군자역 4번,FEMALE,563702726.0
군자역 5번,MALE,2893179053.0
군자역 5번,FEMALE,1592323734.0
군자초등학교,MALE,206201819.0
군자초등학교,FEMALE,53464876.0
굽은다리역,MALE,10541990234.0
굽은다리역,FEMALE,8403889924.0
굽은다리역 1번(십자성마을),MALE,4116509099.0
굽은다리역 1번(십자성마을),FEMALE,2272736256.0
굽은다리역 2번,MALE,1416241659.0
굽은다리역 2번,FEMALE,1143904219.0
굽은다리역 3번,MALE,3602869086.0
굽은다리역 3번,FEMALE,3877595638.0
굽은다리역 4번,MALE,5408157714.0
굽은다리역 4번,FEMALE,3141692021.0
그라운드 고척,MALE,10941099564.0
그라운드 고척,FEMALE,8933329136.0
금강수목원아파트,MALE,284554378.0
금강수목원아파트,FEMALE,142726565.0
금남시장,MALE,4302580649.0
금남시장,FEMALE,2879076188.0
금동어린이공원,MALE,1146147366.0
금동어린이공원,FEMALE,641536569.0
금북초등학교,MALE,157521872.0
금북초등학교,FEMALE,110910988.0
금빛새마을금고본점,MALE,420453227.0
금빛새마을금고본점,FEMALE,284973377.0
금산초등학교(금천고등학교),MALE,2952732831.0
금산초등학교(금천고등학교),FEMALE,1497792828.0
금천구립가산도서관,MALE,465163394.0
금천구립가산도서관,FEMALE,178216947.0
금천구청역 1번 출입구,MALE,5323484624.0
금천구청역 1번 출입구,FEMALE,3599440077.0
금천금빛공원(은행나무사거리서측),MALE,4241132728.0
금천금빛공원(은행나무사거리서측),FEMALE,2406443768.0
금천세무서,MALE,180602719.0
금천세무서,FEMALE,61741401.0
금천어울림복지센터,MALE,703839928.0
금천어울림복지센터,FEMALE,556619607.0
금천철쭉어린이공원(금하마을),MALE,538932494.0
금천철쭉어린이공원(금하마을),FEMALE,386270610.0
금천해태공원,MALE,1289252919.0
금천해태공원,FEMALE,699050371.0
금호사거리,MALE,3094934660.0
금호사거리,FEMALE,2026944936.0
금호삼성래미안아파트,MALE,1025844622.0
금호삼성래미안아파트,FEMALE,586848447.0
금호역,MALE,6972520122.0
금호역,FEMALE,4260115082.0
길동복조리시장,MALE,2466828504.0
길동복조리시장,FEMALE,1573191529.0
길동역,MALE,52962594138.0
길동역,FEMALE,27699070381.0
길동주민센터(강동도서관),MALE,8750509000.0
길동주민센터(강동도서관),FEMALE,5612378618.0
길음시장,MALE,344971806.0
길음시장,FEMALE,240971201.0
길음역 7번,MALE,911003996.0
길음역 7번,FEMALE,602147627.0
길음역 8번,MALE,1560173038.0
길음역 8번,FEMALE,1626259501.0
김포공항역(김포공항),MALE,810370098.0
김포공항역(김포공항),FEMALE,750958783.0
까치산시장,MALE,7822191183.0
까치산시장,FEMALE,7314444922.0
까치산역,MALE,29187366171.0
까치산역,FEMALE,13960022880.0
까치산역 1번,MALE,2532884474.0
까치산역 1번,FEMALE,1699033925.0
까치산역 3번,MALE,28130550308.0
까치산역 3번,FEMALE,9636379665.0
까치산역 4번,MALE,6369962349.0
까치산역 4번,FEMALE,3581144132.0
꿈의숲 장곡 골목형상점가,MALE,3110494200.0
꿈의숲 장곡 골목형상점가,FEMALE,1109005651.0
낙성대역 1번(관악구민 종합체육센터),MALE,4109127473.0
낙성대역 1번(관악구민 종합체육센터),FEMALE,2511730985.0
낙성대역 5번(관악중학교),MALE,4129715.0
낙성대역 5번(관악중학교),FEMALE,1806401.0
낙원시장(낙원지하시장(대일상가)),MALE,1293780643.0
낙원시장(낙원지하시장(대일상가)),FEMALE,747068962.0
난곡 골목형상점가,MALE,234655054.0
난곡 골목형상점가,FEMALE,103781552.0
난곡중학교,MALE,390800079.0
난곡중학교,FEMALE,180340481.0
난곡초등학교(난곡동벽화마을),MALE,1417086809.0
난곡초등학교(난곡동벽화마을),FEMALE,814772060.0
난우중학교,MALE,585606964.0
난우중학교,FEMALE,646147916.0
난우초등학교,MALE,4121388347.0
난우초등학교,FEMALE,2450814790.0
난향초등학교,MALE,339222737.0
난향초등학교,FEMALE,138518672.0
남가좌동현대아파트,MALE,232497928.0
남가좌동현대아파트,FEMALE,222542353.0
남가좌파출소,MALE,6449297458.0
남가좌파출소,FEMALE,5420320899.0
남강고등학교(남강중학교),MALE,5122944944.0
남강고등학교(남강중학교),FEMALE,3648178124.0
남구로시장,MALE,4091856575.0
남구로시장,FEMALE,2305138286.0
남구로역 2번,MALE,6287179351.0
남구로역 2번,FEMALE,2845481863.0
남구로역 3번,MALE,9071774513.0
남구로역 3번,FEMALE,3803013170.0
남구로역 5번,MALE,3708124207.0
남구로역 5번,FEMALE,1638437714.0
남대문시장(자유상가),MALE,17521054684.0
남대문시장(자유상가),FEMALE,17915191701.0
남문시장,MALE,1474042772.0
남문시장,FEMALE,866884879.0
"남부골목시장(남부화곡시장, 남부시장)",MALE,4439853247.0
"남부골목시장(남부화곡시장, 남부시장)",FEMALE,3344216444.0
남부초등학교,MALE,1690649513.0
남부초등학교,FEMALE,784239327.0
남부터미널역,MALE,23286231969.0
남부터미널역,FEMALE,13438692891.0
남부터미널역 1번,MALE,428743622.0
남부터미널역 1번,FEMALE,379163245.0
남산골공원옆,MALE,443133248.0
남산골공원옆,FEMALE,225391633.0
남산케이블카,MALE,8594048887.0
남산케이블카,FEMALE,7340296716.0
남성사계시장(남성시장),MALE,20784733854.0
남성사계시장(남성시장),FEMALE,17133712517.0
남성역 1번,MALE,4727334291.0
남성역 1번,FEMALE,3491495635.0
남성역골목시장,MALE,3206715266.0
남성역골목시장,FEMALE,2628588343.0
남영동 먹자골목,MALE,44705384443.0
남영동 먹자골목,FEMALE,30301426111.0
남영역 1번,MALE,6903891460.0
남영역 1번,FEMALE,6336716932.0
남천초등학교,MALE,4109972013.0
남천초등학교,FEMALE,3073858832.0
남태령역(서울전자고등학교),MALE,18555650.0
남태령역(서울전자고등학교),FEMALE,34060800.0
내를건너서숲으로도서관,MALE,95674303.0
내를건너서숲으로도서관,FEMALE,112100252.0
내방역,MALE,26284445928.0
내방역,FEMALE,20924479661.0
내방역 1번,MALE,50072475.0
내방역 1번,FEMALE,93142367.0
내방역 4번,MALE,1849204960.0
내방역 4번,FEMALE,798551153.0
내방역 5번,MALE,219070732.0
내방역 5번,FEMALE,71797511.0
노량진역 6번,MALE,3299576914.0
노량진역 6번,FEMALE,1632984881.0
노량진역(노량진),MALE,58929090656.0
노량진역(노량진),FEMALE,35124058032.0
노량진중앙시장,MALE,5548852549.0
노량진중앙시장,FEMALE,3268009836.0
노량진초등학교,MALE,2654441497.0
노량진초등학교,FEMALE,961548227.0
노룬산시장(노룬산골목시장),MALE,315185362.0
노룬산시장(노룬산골목시장),FEMALE,142569150.0
노원역,MALE,118559373729.0
노원역,FEMALE,92230220289.0
노원역 9번,MALE,138324390.0
노원역 9번,FEMALE,65675110.0
노원초등학교,MALE,9497166535.0
노원초등학교,FEMALE,7629298330.0
녹두거리(대학동),MALE,17975058682.0
녹두거리(대학동),FEMALE,11090975676.0
녹번동근린공원,MALE,548574886.0
녹번동근린공원,FEMALE,351243934.0
논현2동주민센터,MALE,5417236452.0
논현2동주민센터,FEMALE,3671676425.0
논현로18길,MALE,555264448.0
논현로18길,FEMALE,240700137.0
논현목련공원,MALE,76549906.0
논현목련공원,FEMALE,16987211.0
논현역,MALE,51518891072.0
논현역,FEMALE,31833967110.0
논현역 4번,MALE,2172095016.0
논현역 4번,FEMALE,1332326588.0
논현역 5번,MALE,333705900.0
논현역 5번,FEMALE,138068796.0
논현종합시장,MALE,53997355.0
논현종합시장,FEMALE,28526059.0
논현초등학교,MALE,3133891571.0
논현초등학교,FEMALE,1705745661.0
누원고등학교,MALE,1130556141.0
누원고등학교,FEMALE,833297196.0
능동로골목시장,MALE,3470227533.0
능동로골목시장,FEMALE,1608362802.0
능동우편취급국,MALE,5223707203.0
능동우편취급국,FEMALE,2849728287.0
달마을공원,MALE,1787784083.0
달마을공원,FEMALE,1335773416.0
답십리 건축자재시장,MALE,70319665.0
답십리 건축자재시장,FEMALE,46826863.0
답십리공원,MALE,690055338.0
답십리공원,FEMALE,538143161.0
답십리사거리,MALE,11520099867.0
답십리사거리,FEMALE,7664513588.0
답십리시장,MALE,1497646934.0
답십리시장,FEMALE,1453082187.0
답십리역 6번,MALE,314090124.0
답십리역 6번,FEMALE,169404543.0
답십리초등학교,MALE,3920429099.0
답십리초등학교,FEMALE,3270531088.0
답십리현대시장,MALE,1429426797.0
답십리현대시장,FEMALE,697857068.0
당고개역 2번,MALE,1797196566.0
당고개역 2번,FEMALE,1169369490.0
당고개역 5번,MALE,1035740524.0
당고개역 5번,FEMALE,950376496.0
당곡중학교,MALE,4039958758.0
당곡중학교,FEMALE,2607457384.0
당산2동(영등포우체국),MALE,8116049091.0
당산2동(영등포우체국),FEMALE,6276823677.0
당산반도유보라팰리스아파트,MALE,977171391.0
당산반도유보라팰리스아파트,FEMALE,650857566.0
당산역,MALE,39816862683.0
당산역,FEMALE,24707174271.0
당산역 8번,MALE,1436788601.0
당산역 8번,FEMALE,642340593.0
대광초등학교,MALE,143769404.0
대광초등학교,FEMALE,176562543.0
대동초등학교,MALE,3892033539.0
대동초등학교,FEMALE,1461798996.0
대림1동주민센터,MALE,1781323378.0
대림1동주민센터,FEMALE,999465151.0
대림3동사거리,MALE,11263360500.0
대림3동사거리,FEMALE,4630039234.0
대림갑을명가아파트,MALE,253502926.0
대림갑을명가아파트,FEMALE,99364105.0
"대림골목시장(대림시장, 양지시장)",MALE,3171442218.0
"대림골목시장(대림시장, 양지시장)",FEMALE,2325532383.0
대림상가(청계상가),MALE,241828265.0
대림상가(청계상가),FEMALE,295827027.0
대림성모병원,MALE,6473749132.0
대림성모병원,FEMALE,3761096749.0
대림썬프라자,MALE,635471153.0
대림썬프라자,FEMALE,384100394.0
대림역,MALE,34331342163.0
대림역,FEMALE,20909578460.0
대림역 11번,MALE,110828713.0
대림역 11번,FEMALE,18589236.0
대림역 2번,MALE,7235389336.0
대림역 2번,FEMALE,3649474458.0
대림역 5번,MALE,2461625843.0
대림역 5번,FEMALE,897320574.0
대림중앙 골목형상점가,MALE,3600385973.0
대림중앙 골목형상점가,FEMALE,3290004001.0
대림중앙시장,MALE,3671705417.0
대림중앙시장,FEMALE,2505486682.0
대림차이나타운(대림역 12번),MALE,2572937947.0
대림차이나타운(대림역 12번),FEMALE,1391466596.0
대림한신아파트,MALE,330867005.0
대림한신아파트,FEMALE,195096461.0
대명여울빛거리시장(대명시장),MALE,15023279228.0
대명여울빛거리시장(대명시장),FEMALE,8628279012.0
대방역 3번,MALE,8992058941.0
대방역 3번,FEMALE,9631240049.0
대방역 4번,MALE,775426104.0
대방역 4번,FEMALE,343247073.0
대방역 6번,MALE,904885775.0
대방역 6번,FEMALE,555598885.0
대신고등학교,MALE,1239020813.0
대신고등학교,FEMALE,832855925.0
대왕초등학교(세곡동사거리서남측),MALE,2748277350.0
대왕초등학교(세곡동사거리서남측),FEMALE,862008472.0
대원고등학교,MALE,1056666540.0
대원고등학교,FEMALE,760639761.0
대원종합시장,MALE,18921466.0
대원종합시장,FEMALE,23929396.0
대조시장,MALE,1680842712.0
대조시장,FEMALE,1223617183.0
대진고등학교,MALE,1421637687.0
대진고등학교,FEMALE,889068643.0
대청초등학교,MALE,25499542252.0
대청초등학교,FEMALE,14983625202.0
대치2동주민센터,MALE,2307009715.0
대치2동주민센터,FEMALE,1578975814.0
대치동아우편취급국,MALE,1892596923.0
대치동아우편취급국,FEMALE,897800751.0
대치사거리,MALE,8663536186.0
대치사거리,FEMALE,7549695943.0
대치역,MALE,17411568567.0
대치역,FEMALE,18306688639.0
대학로(혜화역),MALE,68351469230.0
대학로(혜화역),FEMALE,90506305078.0
대흥동주민센터,MALE,852967369.0
대흥동주민센터,FEMALE,571840903.0
대흥역 2번,MALE,6870210580.0
대흥역 2번,FEMALE,5155037312.0
대흥역 3번,MALE,9689682075.0
대흥역 3번,FEMALE,9690349834.0
더케이호텔(양재리본타워2단지아파트),MALE,1053431694.0
더케이호텔(양재리본타워2단지아파트),FEMALE,1228240544.0
덕성여대시반거리,MALE,2170217705.0
덕성여대시반거리,FEMALE,2599398293.0
덕수교,MALE,2022024925.0
덕수교,FEMALE,929887102.0
덕의초등학교,MALE,1385649850.0
덕의초등학교,FEMALE,754747336.0
도곡1동,MALE,7251931324.0
도곡1동,FEMALE,5051598638.0
도곡2동주민센터(대치중학교),MALE,152539527.0
도곡2동주민센터(대치중학교),FEMALE,122171980.0
도곡초등학교,MALE,3549109844.0
도곡초등학교,FEMALE,3619623222.0
도림2동유수지내체육시설,MALE,359666976.0
도림2동유수지내체육시설,FEMALE,207063880.0
도림시장,MALE,27888956.0
도림시장,FEMALE,19793151.0
도림초등학교,MALE,4403590.0
도림초등학교,FEMALE,79583.0
도봉구 정병원,MALE,2480961511.0
도봉구 정병원,FEMALE,1259321959.0
도봉구민회관,MALE,2228625700.0
도봉구민회관,FEMALE,1515231518.0
도봉구보건소,MALE,3896274335.0
도봉구보건소,FEMALE,2011234323.0
도봉산역 1번,MALE,11587818463.0
도봉산역 1번,FEMALE,6513857867.0
도봉산입구,MALE,9933497603.0
도봉산입구,FEMALE,5286802062.0
도봉세무서,MALE,2701551129.0
도봉세무서,FEMALE,1303825170.0
도봉역 2번,MALE,9184482584.0
도봉역 2번,FEMALE,4901481665.0
도봉역 3번,MALE,1604316924.0
도봉역 3번,FEMALE,888730651.0
도봉우체국,MALE,770245190.0
도봉우체국,FEMALE,525861412.0
도산공원교차로,MALE,27807349741.0
도산공원교차로,FEMALE,16179923882.0
도산공원북측,MALE,2841394913.0
도산공원북측,FEMALE,1816046775.0
도성초등학교,MALE,7055911227.0
도성초등학교,FEMALE,5442550641.0
도신초등학교,MALE,530961509.0
도신초등학교,FEMALE,371818898.0
도화동 상점가,MALE,49616779138.0
도화동 상점가,FEMALE,25552023177.0
독립문역 1번,MALE,2082243723.0
독립문역 1번,FEMALE,1786043053.0
독산119안전센터,MALE,4347657373.0
독산119안전센터,FEMALE,2666183648.0
독산2동주민센터,MALE,4005223290.0
독산2동주민센터,FEMALE,2586179378.0
독산동,MALE,25090958548.0
독산동,FEMALE,16992044342.0
독산동 맛나는거리상점가(독산동 맛나는거리),MALE,6494443135.0
독산동 맛나는거리상점가(독산동 맛나는거리),FEMALE,3448771874.0
독산동 우시장,MALE,7291451063.0
독산동 우시장,FEMALE,3300642190.0
독산동성당,MALE,3278642621.0
독산동성당,FEMALE,2268795000.0
독산동정훈단지,MALE,2137795972.0
독산동정훈단지,FEMALE,1295719571.0
독산역 1번 출입구,MALE,800040106.0
독산역 1번 출입구,FEMALE,508369205.0
돈암시장(돈암제일시장),MALE,5080461453.0
돈암시장(돈암제일시장),FEMALE,3221058848.0
돈의문센트레빌아파트입구,MALE,156801487.0
돈의문센트레빌아파트입구,FEMALE,109861620.0
돌곶이시장(석관황금시장),MALE,801394308.0
돌곶이시장(석관황금시장),FEMALE,437320809.0
돌곶이역 1번,MALE,1480500857.0
돌곶이역 1번,FEMALE,749635765.0
돌곶이역 3번,MALE,1481535547.0
돌곶이역 3번,FEMALE,888842757.0
돌곶이역 5번,MALE,4268304814.0
돌곶이역 5번,FEMALE,2725623691.0
돌곶이역 8번,MALE,3885086532.0
돌곶이역 8번,FEMALE,3041546938.0
동교초등학교,MALE,2446533457.0
동교초등학교,FEMALE,2428919836.0
동구여중,MALE,3438625089.0
동구여중,FEMALE,3320460314.0
동남상가,MALE,564138355.0
동남상가,FEMALE,166502397.0
동대문경찰서,MALE,520138478.0
동대문경찰서,FEMALE,246135683.0
동대문구청,MALE,5170105082.0
동대문구청,FEMALE,2673712623.0
동대문문구완구거리(동대문문구완구시장),MALE,1915711913.0
동대문문구완구거리(동대문문구완구시장),FEMALE,1271115669.0
동대문역,MALE,11187779429.0
동대문역,FEMALE,5958146348.0
동대문역 1번,MALE,1780214234.0
동대문역 1번,FEMALE,939100850.0
동대문역 3번,MALE,1652605591.0
동대문역 3번,FEMALE,729110840.0
동대문역사문화공원역,MALE,42648692789.0
동대문역사문화공원역,FEMALE,34000531378.0
동대문역사문화공원역 5번,MALE,5587590366.0
동대문역사문화공원역 5번,FEMALE,3455849117.0
"동대문종합시장(동대문종합시장 신관, 동대문종합시장D동상가)",MALE,473501219.0
"동대문종합시장(동대문종합시장 신관, 동대문종합시장D동상가)",FEMALE,482658440.0
동대문중앙새마을금고본점,MALE,509983591.0
동대문중앙새마을금고본점,FEMALE,20611585.0
동대문패션타운 관광특구,MALE,40084127054.0
동대문패션타운 관광특구,FEMALE,35115847270.0
동대부고,MALE,2738710026.0
동대부고,FEMALE,1849540141.0
동대부여고,MALE,2662492313.0
동대부여고,FEMALE,1612535961.0
동묘시장(동묘벼룩시장),MALE,4602591584.0
동묘시장(동묘벼룩시장),FEMALE,2037084871.0
동묘앞역 2번,MALE,1520578801.0
동묘앞역 2번,FEMALE,950750896.0
동묘앞역 3번,MALE,197682024.0
동묘앞역 3번,FEMALE,353470323.0
동묘앞역(동묘),MALE,8844378807.0
동묘앞역(동묘),FEMALE,5347731214.0
동문시장,MALE,1103597116.0
동문시장,FEMALE,429593815.0
동부시장,MALE,1411587385.0
동부시장,FEMALE,779848247.0
동북프라자,MALE,763768393.0
동북프라자,FEMALE,239357872.0
"동원전통종합시장(동원시장, 동원전통시장 상점가)",MALE,21531459192.0
"동원전통종합시장(동원시장, 동원전통시장 상점가)",FEMALE,17635485976.0
동의보감타워,MALE,3552695297.0
동의보감타워,FEMALE,2026213094.0
동의초등학교,MALE,340065026.0
동의초등학교,FEMALE,204261174.0
동일여자고등학교,MALE,2412350973.0
동일여자고등학교,FEMALE,1588678003.0
동작구자원봉사센터,MALE,38673980.0
동작구자원봉사센터,FEMALE,19585971.0
동진시장,MALE,30577650.0
동진시장,FEMALE,83768640.0
동평화시장,MALE,1060761998.0
동평화시장,FEMALE,1246436851.0
동화동 골목형상점가,MALE,3489503401.0
동화동 골목형상점가,FEMALE,2340191426.0
두산초등학교,MALE,1907629426.0
두산초등학교,FEMALE,675457860.0
둔촌2동주민센터,MALE,3118157907.0
둔촌2동주민센터,FEMALE,2157636079.0
둔촌고등학교(둔촌중학교),MALE,360203909.0
둔촌고등학교(둔촌중학교),FEMALE,147869513.0
둔촌동역 1번(한산중학교),MALE,6085405684.0
둔촌동역 1번(한산중학교),FEMALE,4589049931.0
둔촌동역 3번(성내3동주민센터),MALE,3382302102.0
둔촌동역 3번(성내3동주민센터),FEMALE,2464860427.0
둔촌동역 4번,MALE,1106885332.0
둔촌동역 4번,FEMALE,632584523.0
둔촌역,MALE,27559224177.0
둔촌역,FEMALE,18874740843.0
둔촌역전통시장,MALE,5114368596.0
둔촌역전통시장,FEMALE,2247808752.0
등나무근린공원,MALE,12713379459.0
등나무근린공원,FEMALE,11413175039.0
등마루시장,MALE,400650138.0
등마루시장,FEMALE,227708062.0
등촌1동주민센터,MALE,6905060162.0
등촌1동주민센터,FEMALE,4797797933.0
등촌3동주민센터,MALE,7699411282.0
등촌3동주민센터,FEMALE,5270874266.0
등촌역,MALE,22050622375.0
등촌역,FEMALE,15610869244.0
등촌역 1번,MALE,1177505879.0
등촌역 1번,FEMALE,703431546.0
등촌역 4번,MALE,43147593.0
등촌역 4번,FEMALE,32513536.0
디지털단지오거리,MALE,2911069458.0
디지털단지오거리,FEMALE,1496232037.0
떡전교사거리,MALE,576007978.0
떡전교사거리,FEMALE,478206989.0
뚝도시장,MALE,7601397709.0
뚝도시장,FEMALE,4940271530.0
뚝섬역,MALE,33285390513.0
뚝섬역,FEMALE,33846119270.0
뚝섬역교차로,MALE,1879845391.0
뚝섬역교차로,FEMALE,1520446834.0
뚝섬역상점가,MALE,9252874348.0
뚝섬역상점가,FEMALE,6470245879.0
뚝섬유원지역 1번,MALE,694010170.0
뚝섬유원지역 1번,FEMALE,500035730.0
뜸부기어린이공원,MALE,1507584177.0
뜸부기어린이공원,FEMALE,836926591.0
러스크서울병원,MALE,3213355862.0
러스크서울병원,FEMALE,2136389877.0
로데오거리상점가,MALE,38329587432.0
로데오거리상점가,FEMALE,27144469145.0
롯데백화점(시청광장 지하쇼핑센터),MALE,4244292133.0
롯데백화점(시청광장 지하쇼핑센터),FEMALE,6204538874.0
르네상스호텔사거리,MALE,16150878102.0
르네상스호텔사거리,FEMALE,10323998938.0
리움미술관,MALE,2154493491.0
리움미술관,FEMALE,3326674097.0
마곡역(마곡),MALE,16460351463.0
마곡역(마곡),FEMALE,8009038102.0
마들역,MALE,8320379288.0
마들역,FEMALE,8773455782.0
마장역 2번,MALE,6863917943.0
마장역 2번,FEMALE,3954930773.0
마장역 3번,MALE,5175992703.0
마장역 3번,FEMALE,1409353721.0
마장축산물시장,MALE,8761135543.0
마장축산물시장,FEMALE,3091940214.0
마천1치안센터,MALE,182729246.0
마천1치안센터,FEMALE,36786797.0
마천시장,MALE,778585839.0
마천시장,FEMALE,478222027.0
마천역(마천초등학교),MALE,7109609478.0
마천역(마천초등학교),FEMALE,4069390870.0
마천중앙시장,MALE,6373314869.0
마천중앙시장,FEMALE,4586408282.0
마포FM,MALE,589463442.0
마포FM,FEMALE,388383615.0
마포경찰서,MALE,480239272.0
마포경찰서,FEMALE,292241679.0
마포구청역 1번,MALE,6660751602.0
마포구청역 1번,FEMALE,5411746559.0
마포구청역 4번,MALE,4073114821.0
마포구청역 4번,FEMALE,2762105157.0
마포구청역 7번,MALE,4124727524.0
마포구청역 7번,FEMALE,3158951096.0
마포농수산물시장,MALE,882234976.0
마포농수산물시장,FEMALE,888586777.0
마포시장,MALE,10583859444.0
마포시장,FEMALE,4443404153.0
마포역,MALE,11881224455.0
마포역,FEMALE,7517830003.0
마포역 4번,MALE,738985685.0
마포역 4번,FEMALE,299014171.0
만리시장,MALE,349184744.0
만리시장,FEMALE,353299371.0
만리재,MALE,708507091.0
만리재,FEMALE,498274757.0
만양로상점가,MALE,5999749548.0
만양로상점가,FEMALE,2879248835.0
말미고개,MALE,2711291141.0
말미고개,FEMALE,1567538483.0
망리단길,MALE,17978700728.0
망리단길,FEMALE,17501837429.0
망우3동주민센터,MALE,859580444.0
망우3동주민센터,FEMALE,883908428.0
망우본동주민센터,MALE,5694931002.0
망우본동주민센터,FEMALE,3573597817.0
망우역 1번,MALE,3695645781.0
망우역 1번,FEMALE,2711814498.0
망우역 2번,MALE,947725356.0
망우역 2번,FEMALE,785073348.0
망원나들목체육관,MALE,421277300.0
망원나들목체육관,FEMALE,333290251.0
망원시장,MALE,2846006721.0
망원시장,FEMALE,3182586728.0
망원역,MALE,10572678514.0
망원역,FEMALE,10116373024.0
망원역 1번,MALE,2487129910.0
망원역 1번,FEMALE,1897751774.0
망원월드컵시장,MALE,456124698.0
망원월드컵시장,FEMALE,459740061.0
매봉역,MALE,35280752334.0
매봉역,FEMALE,22728567850.0
먹골역 1번,MALE,2532217945.0
먹골역 1번,FEMALE,2214091441.0
먹골역 5번,MALE,4477581331.0
먹골역 5번,FEMALE,3049987679.0
먹골파출소,MALE,349445700.0
먹골파출소,FEMALE,222261179.0
메가박스 상봉,MALE,10716410817.0
메가박스 상봉,FEMALE,6202126351.0
메디힐병원,MALE,6763240250.0
메디힐병원,FEMALE,3965595158.0
면곡골목시장,MALE,794664732.0
면곡골목시장,FEMALE,257496592.0
면동초등학교,MALE,2131582170.0
면동초등학교,FEMALE,1308562650.0
면목2동체육관,MALE,3027455729.0
면목2동체육관,FEMALE,1879084855.0
면목5동주민센터,MALE,1084205968.0
면목5동주민센터,FEMALE,589796881.0
면목골목시장(면목시장),MALE,6631864767.0
면목골목시장(면목시장),FEMALE,5158412852.0
면목동우체국,MALE,1338412000.0
면목동우체국,FEMALE,950377994.0
면목역 1번,MALE,385044641.0
면목역 1번,FEMALE,225590234.0
면목역 2번,MALE,7750745310.0
면목역 2번,FEMALE,4093037410.0
면목역 3번,MALE,2952503892.0
면목역 3번,FEMALE,1590923567.0
명동 남대문 북창동 다동 무교동 관광특구,MALE,250054866272.0
명동 남대문 북창동 다동 무교동 관광특구,FEMALE,204058758593.0
명동(명동거리),MALE,77085800319.0
명동(명동거리),FEMALE,78768244013.0
명동역(명동재미로),MALE,13654348617.0
명동역(명동재미로),FEMALE,12945996326.0
명일역,MALE,28625858019.0
명일역,FEMALE,18986534867.0
명일역 1번,MALE,1593744985.0
명일역 1번,FEMALE,842987435.0
명일전통시장,MALE,527449968.0
명일전통시장,FEMALE,291179339.0
명지대학교,MALE,14982349077.0
명지대학교,FEMALE,11794830854.0
명지대학교교회,MALE,4214593226.0
명지대학교교회,FEMALE,3668367195.0
모래내시장(서중시장),MALE,3516309681.0
모래내시장(서중시장),FEMALE,1721908869.0
모래내우체국,MALE,3458604725.0
모래내우체국,FEMALE,1913396537.0
목2동시장,MALE,11368772167.0
목2동시장,FEMALE,6415254366.0
목4동주민센터,MALE,277730537.0
목4동주민센터,FEMALE,358872456.0
목동깨비시장(목3동시장),MALE,7032926650.0
목동깨비시장(목3동시장),FEMALE,4559991604.0
목동로데오거리,MALE,3025253024.0
목동로데오거리,FEMALE,1474623591.0
목동문화체육센터,MALE,34989563.0
목동문화체육센터,FEMALE,22385558.0
목동보건지소,MALE,2489273120.0
목동보건지소,FEMALE,1699991142.0
목동사거리,MALE,15985083332.0
목동사거리,FEMALE,8962329936.0
목동센트럴아이파크앞,MALE,3284979386.0
목동센트럴아이파크앞,FEMALE,2096601319.0
목동신시가지,MALE,18254320790.0
목동신시가지,FEMALE,17097840112.0
목동역 5번,MALE,1520828913.0
목동역 5번,FEMALE,993396032.0
목동역 8번출구,MALE,27444638504.0
목동역 8번출구,FEMALE,18791518596.0
목사랑시장(목4동시장),MALE,1936255364.0
목사랑시장(목4동시장),FEMALE,1563196824.0
몽촌토성역,MALE,11466631317.0
몽촌토성역,FEMALE,7595539990.0
묘곡초등학교(고덕아이파크아파트),MALE,5317834510.0
묘곡초등학교(고덕아이파크아파트),FEMALE,2648025715.0
무너미어린이공원,MALE,120083499.0
무너미어린이공원,FEMALE,100099441.0
무학봉상점가,MALE,3011621134.0
무학봉상점가,FEMALE,2429588525.0
묵1동도깨비시장,MALE,4467384775.0
묵1동도깨비시장,FEMALE,2269297035.0
문래동사거리,MALE,2359840775.0
문래동사거리,FEMALE,684722080.0
문래동주민센터,MALE,7966652996.0
문래동주민센터,FEMALE,6181014222.0
문래소공원,MALE,851244822.0
문래소공원,FEMALE,601041715.0
문래역 3번,MALE,462391910.0
문래역 3번,FEMALE,329915536.0
문래역(문래로데오거리),MALE,14930982504.0
문래역(문래로데오거리),FEMALE,9865918015.0
문래예술촌(문래창작촌),MALE,32615484185.0
문래예술촌(문래창작촌),FEMALE,26619413136.0
문래중학교,MALE,11686689.0
문래중학교,FEMALE,24772778.0
문성초등학교,MALE,7893528560.0
문성초등학교,FEMALE,4589707371.0
문정동 로데오거리 상점가(문정동 로데오거리),MALE,3106824433.0
문정동 로데오거리 상점가(문정동 로데오거리),FEMALE,1720079486.0
문정동성당,MALE,1983996089.0
문정동성당,FEMALE,912702132.0
문정역,MALE,28073346350.0
문정역,FEMALE,15776250346.0
문정역 1번,MALE,6586523856.0
문정역 1번,FEMALE,3769075795.0
문정역 2번,MALE,6690744433.0
문정역 2번,FEMALE,3756447456.0
문정초등학교,MALE,2247307908.0
문정초등학교,FEMALE,1584573588.0
문현중학교(장지역 1번),MALE,4940305928.0
문현중학교(장지역 1번),FEMALE,3328239082.0
미근동,MALE,5979570825.0
미근동,FEMALE,3258127933.0
미림여고,MALE,180742232.0
미림여고,FEMALE,72247116.0
미성동 도깨비시장 골목형상점가,MALE,1075129037.0
미성동 도깨비시장 골목형상점가,FEMALE,851073608.0
미성동주민센터,MALE,1216613329.0
미성동주민센터,FEMALE,1022937508.0
미성초등학교,MALE,1165029916.0
미성초등학교,FEMALE,747825495.0
미아사거리,MALE,2495334777.0
미아사거리,FEMALE,2913450841.0
미아사거리역,MALE,34133360019.0
미아사거리역,FEMALE,24797115042.0
미아사거리역 3번,MALE,3849724308.0
미아사거리역 3번,FEMALE,2219412263.0
미아역,MALE,14145638703.0
미아역,FEMALE,10776629240.0
미아역 5번,MALE,2674744086.0
미아역 5번,FEMALE,1251820685.0
미아역 8번,MALE,3498291706.0
미아역 8번,FEMALE,1714787514.0
미아초등학교,MALE,601676907.0
미아초등학교,FEMALE,408864024.0
바우뫼공원,MALE,1937907188.0
바우뫼공원,FEMALE,1452018588.0
반포4동주민센터(몽마르뜨공원),MALE,1511510387.0
반포4동주민센터(몽마르뜨공원),FEMALE,614141288.0
발산역 5번,MALE,4822650110.0
발산역 5번,FEMALE,3769895335.0
발산역(마곡),MALE,57103208703.0
발산역(마곡),FEMALE,39721924886.0
밤나무골시장,MALE,65466544.0
밤나무골시장,FEMALE,21659805.0
방배노인종합복지관(이수중학교),MALE,531475737.0
방배노인종합복지관(이수중학교),FEMALE,895330499.0
방배동가구거리(사당동가구거리),MALE,718357413.0
방배동가구거리(사당동가구거리),FEMALE,423777495.0
방배동사이길,MALE,1594924833.0
방배동사이길,FEMALE,1442764069.0
방배동카페골목,MALE,19933110945.0
방배동카페골목,FEMALE,15497221052.0
방배아이파크아파트,MALE,1935322340.0
방배아이파크아파트,FEMALE,1622310532.0
방배역,MALE,26577923447.0
방배역,FEMALE,19478416857.0
방배역 3번,MALE,9096023.0
방배역 3번,FEMALE,18341165.0
방배초등학교,MALE,923528869.0
방배초등학교,FEMALE,445603210.0
방산종합시장(방산시장),MALE,14626862263.0
방산종합시장(방산시장),FEMALE,7007020610.0
방신전통시장,MALE,562493068.0
방신전통시장,FEMALE,513320977.0
방아다리근린공원(횃불트리니티신학대학원대학교),MALE,1499164269.0
방아다리근린공원(횃불트리니티신학대학원대학교),FEMALE,1607642637.0
방이동고분군(방산고등학교),MALE,2282845812.0
방이동고분군(방산고등학교),FEMALE,1425927031.0
방이동먹자골목,MALE,106301631601.0
방이동먹자골목,FEMALE,69829849076.0
방이시장,MALE,10060082527.0
방이시장,FEMALE,7855527697.0
방이역,MALE,7791862033.0
방이역,FEMALE,6601992025.0
방이역 1번,MALE,6896538603.0
방이역 1번,FEMALE,5490578248.0
방이역 2번,MALE,2746103652.0
방이역 2번,FEMALE,1629017170.0
방이역 4번,MALE,19635448690.0
방이역 4번,FEMALE,11997343852.0
방천골목시장,MALE,1454184279.0
방천골목시장,FEMALE,769258143.0
방학1동주민센터,MALE,6302487711.0
방학1동주민센터,FEMALE,3454401239.0
방학동도깨비시장,MALE,3399593413.0
방학동도깨비시장,FEMALE,3013125755.0
방학역 1번,MALE,6042613158.0
방학역 1번,FEMALE,3510302842.0
방학역 2번,MALE,7666209295.0
방학역 2번,FEMALE,4979294762.0
방학중학교,MALE,2885704535.0
방학중학교,FEMALE,1767454231.0
방학초등학교,MALE,5251375084.0
방학초등학교,FEMALE,2898369601.0
방현초등학교(방배119안전센터),MALE,1158478303.0
방현초등학교(방배119안전센터),FEMALE,406866693.0
방화역 1번,MALE,6473050210.0
방화역 1번,FEMALE,5172466407.0
방화역 2번,MALE,6117318527.0
방화역 2번,FEMALE,3122263562.0
방화역 3번,MALE,5329257333.0
방화역 3번,FEMALE,3310845426.0
방화초등학교,MALE,447903202.0
방화초등학교,FEMALE,279953057.0
배문고등학교,MALE,1744720397.0
배문고등학교,FEMALE,1066160511.0
배화여자대학교(박노수미술관),MALE,5909723445.0
배화여자대학교(박노수미술관),FEMALE,10689200909.0
백련산해모로아파트,MALE,1432075834.0
백련산해모로아파트,FEMALE,988158546.0
백련시장,MALE,355247760.0
백련시장,FEMALE,112064268.0
백산초등학교,MALE,542349553.0
백산초등학교,FEMALE,558850644.0
백운시장,MALE,7445908.0
백운시장,FEMALE,18662679.0
백학시장,MALE,14334252006.0
백학시장,FEMALE,7927191052.0
뱅뱅사거리,MALE,50535449183.0
뱅뱅사거리,FEMALE,29814719867.0
번동주공2단지,MALE,1608835156.0
번동주공2단지,FEMALE,907245826.0
벌말어린이공원,MALE,4882478074.0
벌말어린이공원,FEMALE,2814066995.0
법제교육센터(버들어린이공원),MALE,852262360.0
법제교육센터(버들어린이공원),FEMALE,747991306.0
베르사이유1아파트,MALE,391378813.0
베르사이유1아파트,FEMALE,272748370.0
보광시장,MALE,31016435.0
보광시장,FEMALE,26213944.0
보라매공원,MALE,34960414918.0
보라매공원,FEMALE,29056957586.0
보라매동주민센터(당곡고등학교),MALE,253918902.0
보라매동주민센터(당곡고등학교),FEMALE,212560170.0
보라매역,MALE,11470556402.0
보라매역,FEMALE,6081193465.0
보라매역 2번,MALE,1928727242.0
보라매역 2번,FEMALE,1201480283.0
보라매역 4번,MALE,2244277421.0
보라매역 4번,FEMALE,1087569821.0
보라매역 6번,MALE,2787868048.0
보라매역 6번,FEMALE,1333776725.0
보문역 4번,MALE,1017071633.0
보문역 4번,FEMALE,840197563.0
보문역 5번,MALE,2488236159.0
보문역 5번,FEMALE,1379888228.0
보문역 8번,MALE,1842527998.0
보문역 8번,FEMALE,1747133575.0
보인중학교,MALE,3021165396.0
보인중학교,FEMALE,2436433364.0
본동인정시장(기능상실),MALE,108770703.0
본동인정시장(기능상실),FEMALE,36738949.0
본서부병원,MALE,18034795704.0
본서부병원,FEMALE,14149247362.0
봉원사,MALE,757008013.0
봉원사,FEMALE,1471806702.0
봉은사역,MALE,14488659750.0
봉은사역,FEMALE,8623276472.0
봉은사역 4번,MALE,1092837801.0
봉은사역 4번,FEMALE,671891162.0
봉일시장,MALE,386940673.0
봉일시장,FEMALE,234929997.0
봉천역 1번(관악초등학교),MALE,1146013931.0
봉천역 1번(관악초등학교),FEMALE,612310843.0
봉천역 4번(봉천110안전센터),MALE,4497489452.0
봉천역 4번(봉천110안전센터),FEMALE,2182018535.0
봉천역 6번,MALE,526290299.0
봉천역 6번,FEMALE,217376313.0
봉천제일종합시장,MALE,119602700.0
봉천제일종합시장,FEMALE,149451463.0
봉천중앙시장,MALE,2635919939.0
봉천중앙시장,FEMALE,1561320647.0
봉천현대시장,MALE,1570469563.0
봉천현대시장,FEMALE,913665456.0
부암동주민센터,MALE,81634739.0
부암동주민센터,FEMALE,122952136.0
북가좌2동주민센터,MALE,8216295291.0
북가좌2동주민센터,FEMALE,6701272865.0
북가좌초등학교,MALE,236821976.0
북가좌초등학교,FEMALE,71028256.0
북정마을,MALE,89844281.0
북정마을,FEMALE,106493049.0
북창동(시청역_6번),MALE,65299281450.0
북창동(시청역_6번),FEMALE,38436278338.0
북촌(안국역),MALE,42792669224.0
북촌(안국역),FEMALE,63694494925.0
북한산보국문역 1번,MALE,610765740.0
북한산보국문역 1번,FEMALE,444771680.0
북한산보국문역 2번,MALE,381616696.0
북한산보국문역 2번,FEMALE,289607204.0
북한산우이역 2번,MALE,5047016459.0
북한산우이역 2번,FEMALE,3423703006.0
불광먹자골목 골목형상점가,MALE,15216352414.0
불광먹자골목 골목형상점가,FEMALE,7044736060.0
불광역,MALE,5650026281.0
불광역,FEMALE,3873286169.0
불광역 3번,MALE,1988118341.0
불광역 3번,FEMALE,1405167761.0
불광역 7번,MALE,3472035490.0
불광역 7번,FEMALE,2315298540.0
불광역 8번,MALE,3562880161.0
불광역 8번,FEMALE,2576725765.0
불광중학교,MALE,248858020.0
불광중학교,FEMALE,90505856.0
비단길현대시장(현대시장),MALE,3550200954.0
비단길현대시장(현대시장),FEMALE,3170576063.0
사가정시장,MALE,4072998959.0
사가정시장,FEMALE,3048734300.0
사가정역,MALE,13348556907.0
사가정역,FEMALE,11022955186.0
사가정역 1번,MALE,8755026775.0
사가정역 1번,FEMALE,5364556111.0
사가정역 4번,MALE,1552184472.0
사가정역 4번,FEMALE,1005254655.0
사근동살곶이상점가,MALE,2406177896.0
사근동살곶이상점가,FEMALE,1791493322.0
사당1동먹자골목상점가(사당1동먹자골목),MALE,32222152613.0
사당1동먹자골목상점가(사당1동먹자골목),FEMALE,20592922345.0
사당5동주민센터,MALE,631432907.0
사당5동주민센터,FEMALE,437899104.0
사당역 10번,MALE,18648136054.0
사당역 10번,FEMALE,11392832092.0
사당역 11번(사당역먹자골목),MALE,485463519.0
사당역 11번(사당역먹자골목),FEMALE,611292170.0
사당역 4번,MALE,7783469221.0
사당역 4번,FEMALE,5213786501.0
사당역(사당),MALE,89457993673.0
사당역(사당),FEMALE,55918195315.0
사직공원(한국사회과학도서관),MALE,32745693.0
사직공원(한국사회과학도서관),FEMALE,24999896.0
삼각산119안전센터,MALE,1185430728.0
삼각산119안전센터,FEMALE,717597821.0
삼각지역,MALE,16680042833.0
삼각지역,FEMALE,12432369098.0
삼각지역 14번,MALE,1766312579.0
삼각지역 14번,FEMALE,781746400.0
삼각지역 3번,MALE,343078050.0
삼각지역 3번,FEMALE,254428045.0
삼광초등학교,MALE,2191710158.0
삼광초등학교,FEMALE,1615132437.0
삼구시장(로타리상가),MALE,1120457532.0
삼구시장(로타리상가),FEMALE,446356143.0
삼선동주민센터,MALE,7474499353.0
삼선동주민센터,FEMALE,6019727351.0
삼선중학교,MALE,1839119734.0
삼선중학교,FEMALE,1592449928.0
삼성동 시장(삼성동시장),MALE,189069560.0
삼성동 시장(삼성동시장),FEMALE,88547941.0
삼성산자연공원(서울금천초등학교),MALE,948888021.0
삼성산자연공원(서울금천초등학교),FEMALE,524483754.0
삼성역,MALE,62286195238.0
삼성역,FEMALE,60026345363.0
삼성전자서울R&D(서울우면초등학교),MALE,1586435334.0
삼성전자서울R&D(서울우면초등학교),FEMALE,945460686.0
삼성중앙역,MALE,33619736109.0
삼성중앙역,FEMALE,16080655040.0
삼성중앙역 5번,MALE,11480547781.0
삼성중앙역 5번,FEMALE,5194670795.0
삼성중앙역 7번,MALE,7543593.0
삼성중앙역 7번,FEMALE,9390424.0
삼양골목시장(삼양시장),MALE,3132111560.0
삼양골목시장(삼양시장),FEMALE,1869873626.0
삼양사거리역 1번,MALE,53033528.0
삼양사거리역 1번,FEMALE,31671416.0
삼양사거리역 2번,MALE,575736839.0
삼양사거리역 2번,FEMALE,371171899.0
삼양입구사거리,MALE,3779064130.0
삼양입구사거리,FEMALE,2344180770.0
삼육보건대학교,MALE,3199202415.0
삼육보건대학교,FEMALE,1864700947.0
삼전역 1번,MALE,13284402280.0
삼전역 1번,FEMALE,9528189128.0
삼전역 3번,MALE,5642405450.0
삼전역 3번,FEMALE,3968010516.0
삼전역 4번,MALE,9270983103.0
삼전역 4번,FEMALE,5228118293.0
삼청동,MALE,20752620674.0
삼청동,FEMALE,25838186913.0
삼호가든사거리,MALE,8284971247.0
삼호가든사거리,FEMALE,7790720723.0
상계2동주민센터,MALE,2921022210.0
상계2동주민센터,FEMALE,1641882952.0
상계5동주민센터,MALE,6707094029.0
상계5동주민센터,FEMALE,2574682365.0
상계백병원,MALE,2418035648.0
상계백병원,FEMALE,2234077196.0
상계역,MALE,29234660454.0
상계역,FEMALE,17879288586.0
상계제일중학교,MALE,2437059734.0
상계제일중학교,FEMALE,1219843907.0
상계주공1단지(가)상가,MALE,49213950.0
상계주공1단지(가)상가,FEMALE,28100994.0
상계중앙시장,MALE,2313344449.0
상계중앙시장,FEMALE,1222838030.0
상계초등학교,MALE,2618700457.0
상계초등학교,FEMALE,1284955504.0
상도1동주민센터앞,MALE,1080322458.0
상도1동주민센터앞,FEMALE,981697583.0
상도4동주민센터,MALE,1320068714.0
상도4동주민센터,FEMALE,650088854.0
상도도깨비 골목형상점가,MALE,1149976786.0
상도도깨비 골목형상점가,FEMALE,551585922.0
상도약수골목형상점가,MALE,516857843.0
상도약수골목형상점가,FEMALE,417471865.0
상도역 1번,MALE,1944617946.0
상도역 1번,FEMALE,1554795750.0
상도역 2번,MALE,527209077.0
상도역 2번,FEMALE,303294223.0
상도역 5번,MALE,8298124145.0
상도역 5번,FEMALE,6291040365.0
상도전통시장,MALE,4394762828.0
상도전통시장,FEMALE,3182387401.0
상도초등학교,MALE,119959641.0
상도초등학교,FEMALE,86404136.0
상봉역,MALE,36149138764.0
상봉역,FEMALE,25574154172.0
상봉역 3번,MALE,19470724531.0
상봉역 3번,FEMALE,10787338442.0
상봉역 4번,MALE,4682390467.0
상봉역 4번,FEMALE,2735999684.0
상봉역 7번,MALE,230084708.0
상봉역 7번,FEMALE,107876266.0
상수역 4번,MALE,4063829849.0
상수역 4번,FEMALE,3650989520.0
상수역(홍대),MALE,18455501615.0
상수역(홍대),FEMALE,23434852707.0
상신초등학교입구,MALE,379426464.0
상신초등학교입구,FEMALE,305593082.0
상암동상점가,MALE,32638138580.0
상암동상점가,FEMALE,19007326272.0
상왕십리역 3번,MALE,3859747051.0
상왕십리역 3번,FEMALE,2214939928.0
상왕십리역 6번,MALE,1083532407.0
상왕십리역 6번,FEMALE,882399297.0
상월곡역 1번,MALE,3503911285.0
상월곡역 1번,FEMALE,2792025463.0
상월곡역 2번,MALE,2765230700.0
상월곡역 2번,FEMALE,1767801526.0
상월곡역 3번,MALE,644783317.0
상월곡역 3번,FEMALE,332204780.0
상일여고(상일초등학교),MALE,18623055220.0
상일여고(상일초등학교),FEMALE,10433517827.0
새남터성지,MALE,389238873.0
새남터성지,FEMALE,235276249.0
새마을시장,MALE,23434803339.0
새마을시장,FEMALE,15603791613.0
새절역 2번,MALE,2355165106.0
새절역 2번,FEMALE,1226197009.0
새절역 3번,MALE,1799353582.0
새절역 3번,FEMALE,1199159629.0
새터산,MALE,941561183.0
새터산,FEMALE,666889825.0
샘말어린이공원,MALE,256930739.0
샘말어린이공원,FEMALE,161421933.0
샤로수길,MALE,26049819128.0
샤로수길,FEMALE,20859482433.0
서강대역 1번,MALE,6976174078.0
서강대역 1번,FEMALE,5457014834.0
서경대학교,MALE,4809920968.0
서경대학교,FEMALE,3390662988.0
서교동(홍대),MALE,22827688132.0
서교동(홍대),FEMALE,19312726439.0
서교시장,MALE,873621229.0
서교시장,FEMALE,788426952.0
서대문구보건소별관,MALE,816464272.0
서대문구보건소별관,FEMALE,557221981.0
서대문소방서,MALE,1623753225.0
서대문소방서,FEMALE,1852015723.0
서대문역,MALE,26317611646.0
서대문역,FEMALE,16417636749.0
서대문우체국,MALE,649275780.0
서대문우체국,FEMALE,1062446485.0
서래마을카페거리(서래마을),MALE,23534599006.0
서래마을카페거리(서래마을),FEMALE,19691395491.0
서래초등학교,MALE,1217688402.0
서래초등학교,FEMALE,1225327591.0
서문여고,MALE,512860630.0
서문여고,FEMALE,233074237.0
서빙고동주민센터,MALE,936521049.0
서빙고동주민센터,FEMALE,478930596.0
서빙고역 1번,MALE,27603796.0
서빙고역 1번,FEMALE,18031190.0
서서울 골목형상점가,MALE,1766646652.0
서서울 골목형상점가,FEMALE,1533940590.0
서서울호수공원,MALE,162582565.0
서서울호수공원,FEMALE,177983892.0
서연중학교,MALE,1425796937.0
서연중학교,FEMALE,2818444747.0
서울고교교차로,MALE,1419856786.0
서울고교교차로,FEMALE,843182448.0
서울공연예술고등학교,MALE,740985776.0
서울공연예술고등학교,FEMALE,736157005.0
서울과학기술대,MALE,3632180640.0
서울과학기술대,FEMALE,2939354542.0
서울교통공사,MALE,1293339233.0
서울교통공사,FEMALE,635335677.0
서울국제고등학교,MALE,2266206812.0
서울국제고등학교,FEMALE,1835374473.0
서울금융고등학교,MALE,878563593.0
서울금융고등학교,FEMALE,394884653.0
서울남부지방법원,MALE,7540253188.0
서울남부지방법원,FEMALE,5618325547.0
서울대병원,MALE,1769491816.0
서울대병원,FEMALE,2005753508.0
서울대입구역,MALE,53442381916.0
서울대입구역,FEMALE,35839595220.0
서울대입구역 8번,MALE,1618538220.0
서울대입구역 8번,FEMALE,779588009.0
서울독일학교,MALE,4411894464.0
서울독일학교,FEMALE,4750607985.0
서울북부고용노동지청,MALE,1608981064.0
서울북부고용노동지청,FEMALE,686788379.0
서울산업정보학교(서울삼성초등학교),MALE,13396961.0
서울산업정보학교(서울삼성초등학교),FEMALE,5111399.0
서울서부지방법원,MALE,7454133381.0
서울서부지방법원,FEMALE,4366401395.0
서울세관,MALE,13487976656.0
서울세관,FEMALE,8236633158.0
서울숲역,MALE,1548982786.0
서울숲역,FEMALE,1386294912.0
서울숲역 1번,MALE,263154313.0
서울숲역 1번,FEMALE,480433189.0
서울숲카페거리,MALE,25143936.0
서울숲카페거리,FEMALE,82712097.0
서울시립대,MALE,3572807960.0
서울시립대,FEMALE,2922124477.0
서울시인재개발원,MALE,287970106.0
서울시인재개발원,FEMALE,115434956.0
서울시청,MALE,29556446431.0
서울시청,FEMALE,23810480150.0
서울시흥동우체국(홈플러스시흥점),MALE,8103295511.0
서울시흥동우체국(홈플러스시흥점),FEMALE,6136216483.0
서울약령시장,MALE,5133651620.0
서울약령시장,FEMALE,2004088366.0
서울여자간호대학교,MALE,1739153920.0
서울여자간호대학교,FEMALE,1327153639.0
서울역,MALE,39091248739.0
서울역,FEMALE,29047965635.0
서울역 12번,MALE,10015251027.0
서울역 12번,FEMALE,5684219955.0
서울역 15번,MALE,4688849673.0
서울역 15번,FEMALE,2982805302.0
서울중앙시장(신중앙시장),MALE,16995659959.0
서울중앙시장(신중앙시장),FEMALE,10692015943.0
서울지방병무청,MALE,2662062590.0
서울지방병무청,FEMALE,1995216257.0
서울축산농협 독산역지점(독산파출소),MALE,2161877554.0
서울축산농협 독산역지점(독산파출소),FEMALE,673547114.0
서울프랑스학교,MALE,517967716.0
서울프랑스학교,FEMALE,336697183.0
서원동상점가,MALE,52054370464.0
서원동상점가,FEMALE,31651541306.0
서원동주민센터(신관중학교),MALE,1088556422.0
서원동주민센터(신관중학교),FEMALE,503528959.0
서일대학교,MALE,3452284798.0
서일대학교,FEMALE,3131265155.0
서초3동사거리,MALE,27469427448.0
서초3동사거리,FEMALE,23803985961.0
서초동성당,MALE,1748478905.0
서초동성당,FEMALE,1263212834.0
서초역,MALE,36589397040.0
서초역,FEMALE,23043733383.0
서초중학교,MALE,1263460987.0
서초중학교,FEMALE,699078264.0
서촌(경복궁역),MALE,23848305153.0
서촌(경복궁역),FEMALE,30358728984.0
석계역 1번,MALE,12143380244.0
석계역 1번,FEMALE,7274164040.0
석계역 2번,MALE,3978128013.0
석계역 2번,FEMALE,1760707910.0
석계역 7번,MALE,27770599420.0
석계역 7번,FEMALE,13696477681.0
석관고등학교,MALE,823710522.0
석관고등학교,FEMALE,334136429.0
석관시장,MALE,404050286.0
석관시장,FEMALE,220879058.0
석관중앙교회,MALE,1733503275.0
석관중앙교회,FEMALE,876402635.0
석수역 1번 출입구,MALE,3391504557.0
석수역 1번 출입구,FEMALE,1478748410.0
석촌고분역,MALE,20351972978.0
석촌고분역,FEMALE,12837620461.0
석촌고분역 1번,MALE,6832900747.0
석촌고분역 1번,FEMALE,5080888177.0
석촌고분역 3번,MALE,1287980364.0
석촌고분역 3번,FEMALE,756469978.0
석촌고분역 4번,MALE,3598108717.0
석촌고분역 4번,FEMALE,1723602350.0
석촌시장,MALE,14002469886.0
석촌시장,FEMALE,8166153308.0
석촌역 3번,MALE,3973875800.0
석촌역 3번,FEMALE,2388995840.0
석촌역 6번,MALE,2071022767.0
석촌역 6번,FEMALE,1076549675.0
석촌역 7번,MALE,18457744078.0
석촌역 7번,FEMALE,11326118828.0
석촌역(석촌호수),MALE,23455487244.0
석촌역(석촌호수),FEMALE,22144002310.0
석촌중학교(방이육교),MALE,14123288.0
석촌중학교(방이육교),FEMALE,17953948.0
선릉역,MALE,106107216748.0
선릉역,FEMALE,70313283336.0
선사초등학교,MALE,521430223.0
선사초등학교,FEMALE,224828774.0
선유도역 1번,MALE,9371397564.0
선유도역 1번,FEMALE,7338280336.0
선유도역 6번,MALE,8526382541.0
선유도역 6번,FEMALE,4084114859.0
선유도역 골목형상점가,MALE,13074953505.0
선유도역 골목형상점가,FEMALE,7798749870.0
선일여고,MALE,871687064.0
선일여고,FEMALE,1135640575.0
선정릉역,MALE,16077323453.0
선정릉역,FEMALE,11439362793.0
선정릉역 4번,MALE,4675431374.0
선정릉역 4번,FEMALE,2127099922.0
선정중학교,MALE,78826678.0
선정중학교,FEMALE,62320641.0
성곡미술관,MALE,5023135823.0
성곡미술관,FEMALE,5619621518.0
성균관대학교,MALE,3822129726.0
성균관대학교,FEMALE,3535750048.0
성남고등학교,MALE,1083903051.0
성남고등학교,FEMALE,745827262.0
성내전통시장,MALE,1928496333.0
성내전통시장,FEMALE,1187715557.0
성내중학교,MALE,156157239.0
성내중학교,FEMALE,121166376.0
성내천어린이공원(하니사랑길),MALE,6335680198.0
성내천어린이공원(하니사랑길),FEMALE,5078158521.0
성대전통시장(성대시장),MALE,10436502517.0
성대전통시장(성대시장),FEMALE,7917603503.0
성동구립금호도서관,MALE,438339645.0
성동구립금호도서관,FEMALE,248794322.0
성동구보건소,MALE,1496574154.0
성동구보건소,FEMALE,776524527.0
성동세무서,MALE,1830473753.0
성동세무서,FEMALE,703490357.0
성동용답상가시장,MALE,14846577057.0
성동용답상가시장,FEMALE,9127185889.0
성동초등학교,MALE,736893478.0
성동초등학교,FEMALE,540907606.0
성미산체육관,MALE,1821305899.0
성미산체육관,FEMALE,1019001982.0
성북구청,MALE,9215752745.0
성북구청,FEMALE,7518837125.0
성북초등학교앞,MALE,3315495842.0
성북초등학교앞,FEMALE,2483639048.0
성산중학교,MALE,4743382699.0
성산중학교,FEMALE,6124964611.0
성서초등학교,MALE,2418113739.0
성서초등학교,FEMALE,1540257224.0
성수119안전센터,MALE,4209127697.0
성수119안전센터,FEMALE,2732898249.0
성수1가1동주민센터,MALE,944956233.0
성수1가1동주민센터,FEMALE,749567333.0
성수2가3동주민센터,MALE,767604803.0
성수2가3동주민센터,FEMALE,971855426.0
성수대교남단,MALE,20204579630.0
성수대교남단,FEMALE,17646742506.0
성수동카페거리,MALE,13837278682.0
성수동카페거리,FEMALE,16342115339.0
성수역,MALE,47264743044.0
성수역,FEMALE,40512449367.0
성수역 골목형상점가,MALE,172488126.0
성수역 골목형상점가,FEMALE,89355688.0
성수초등학교,MALE,8317183557.0
성수초등학교,FEMALE,5136942660.0
성신여대,MALE,58114745723.0
성신여대,FEMALE,58440296091.0
성신여대운정그린캠퍼스,MALE,6051965905.0
성신여대운정그린캠퍼스,FEMALE,3865739881.0
성신여대입구역 1번,MALE,2510253849.0
성신여대입구역 1번,FEMALE,1719690419.0
성신여대입구역 4번,MALE,2662301398.0
성신여대입구역 4번,FEMALE,4570908633.0
성신여대입구역 7번,MALE,2250665598.0
성신여대입구역 7번,FEMALE,1663844510.0
성심여자고등학교,MALE,1810889951.0
성심여자고등학교,FEMALE,1040800391.0
성원어린이공원,MALE,1560383493.0
성원어린이공원,FEMALE,714864727.0
성원중학교,MALE,6187000023.0
성원중학교,FEMALE,3927178831.0
성자초등학교,MALE,2788665655.0
성자초등학교,FEMALE,1821425550.0
세검정,MALE,647334339.0
세검정,FEMALE,553732414.0
세검정초등학교,MALE,1094848704.0
세검정초등학교,FEMALE,790872081.0
세곡초등학교,MALE,2597473158.0
세곡초등학교,FEMALE,1533278077.0
세명컴퓨터고등학교,MALE,114452041.0
세명컴퓨터고등학교,FEMALE,20104243.0
세종대왕기념관교차로,MALE,289413628.0
세종대왕기념관교차로,FEMALE,220383471.0
세종마을음식문화거리(금천교시장),MALE,24626785049.0
세종마을음식문화거리(금천교시장),FEMALE,22266685970.0
솔밭공원역 1번,MALE,944772854.0
솔밭공원역 1번,FEMALE,730315128.0
솔밭공원역 2번,MALE,2882712651.0
솔밭공원역 2번,FEMALE,1484283669.0
"솔샘시장(미아6,7동골목시장)",MALE,4306247473.0
"솔샘시장(미아6,7동골목시장)",FEMALE,2412396306.0
송정역,MALE,9569150083.0
송정역,FEMALE,4739860247.0
송정역 2번,MALE,898751050.0
송정역 2번,FEMALE,471754222.0
송정역 3번,MALE,7384501789.0
송정역 3번,FEMALE,3618631438.0
송정체육공원,MALE,923138783.0
송정체육공원,FEMALE,558810613.0
송중동주민센터,MALE,1314183874.0
송중동주민센터,FEMALE,802248935.0
송중초등학교,MALE,1542005666.0
송중초등학교,FEMALE,833059563.0
송천동주민센터,MALE,171026389.0
송천동주민센터,FEMALE,62677425.0
송천초등학교,MALE,658275377.0
송천초등학교,FEMALE,652448522.0
송파나루역,MALE,4186310579.0
송파나루역,FEMALE,3470991193.0
송파나루역 1번(송리단길),MALE,21287248332.0
송파나루역 1번(송리단길),FEMALE,21946176693.0
송파나루역 2번,MALE,14873013589.0
송파나루역 2번,FEMALE,9163614442.0
송파나루역 3번,MALE,267221387.0
송파나루역 3번,FEMALE,238101356.0
송파사거리(송파역),MALE,9542817027.0
송파사거리(송파역),FEMALE,6799517565.0
송파역 2번,MALE,220314426.0
송파역 2번,FEMALE,228681422.0
송파책박물관,MALE,433257193.0
송파책박물관,FEMALE,250403524.0
송화벽화시장(송화골목시장),MALE,5503687958.0
송화벽화시장(송화골목시장),FEMALE,5682564071.0
수궁동주민센터,MALE,2039465202.0
수궁동주민센터,FEMALE,1671840764.0
수락산디자인거리,MALE,20127655817.0
수락산디자인거리,FEMALE,12209806806.0
수락산역 4번,MALE,9673740989.0
수락산역 4번,FEMALE,7049071557.0
수색성당,MALE,980595465.0
수색성당,FEMALE,823810895.0
수서역,MALE,27948194352.0
수서역,FEMALE,18807166977.0
수송초등학교,MALE,4467422787.0
수송초등학교,FEMALE,3192647831.0
수유1동주민센터,MALE,1152577177.0
수유1동주민센터,FEMALE,1016333072.0
수유동우체국,MALE,2569584226.0
수유동우체국,FEMALE,1628670509.0
수유북부시장옆,MALE,715483957.0
수유북부시장옆,FEMALE,356889657.0
수유시장옆,MALE,1708356669.0
수유시장옆,FEMALE,921004519.0
수유역,MALE,95734810677.0
수유역,FEMALE,61540606516.0
수유역 2번,MALE,1809141825.0
수유역 2번,FEMALE,1021623569.0
"수유전통시장(수유시장, 수유골목시장)",MALE,5038636072.0
"수유전통시장(수유시장, 수유골목시장)",FEMALE,4356146286.0
수유중앙골목시장(수유중앙시장),MALE,1853901366.0
수유중앙골목시장(수유중앙시장),FEMALE,795068944.0
수유초등학교,MALE,4119076925.0
수유초등학교,FEMALE,2333947299.0
수일시장,MALE,1232693664.0
수일시장,FEMALE,601169784.0
수족관거리,MALE,193388969.0
수족관거리,FEMALE,125506068.0
숙대입구,MALE,12269752246.0
숙대입구,FEMALE,22688544757.0
숙대입구역 1번,MALE,2195750714.0
숙대입구역 1번,FEMALE,2055426483.0
"숙대입구역(남영역, 남영동)",MALE,10849470389.0
"숙대입구역(남영역, 남영동)",FEMALE,8777353144.0
숭곡초등학교,MALE,4524794841.0
숭곡초등학교,FEMALE,3335075457.0
숭실대입구역 1번,MALE,4474374606.0
숭실대입구역 1번,FEMALE,4044592194.0
숭실대입구역 4번,MALE,8806268193.0
숭실대입구역 4번,FEMALE,6608399439.0
숭인시장,MALE,4080827370.0
숭인시장,FEMALE,3447795915.0
시립대앞사거리,MALE,1702424615.0
시립대앞사거리,FEMALE,1057603762.0
시립서북병원,MALE,2487979566.0
시립서북병원,FEMALE,1908699543.0
시청역_1번,MALE,14486295662.0
시청역_1번,FEMALE,13396461551.0
시청역_8번,MALE,46933456000.0
시청역_8번,FEMALE,21573152749.0
시흥3동 우편취급국,MALE,269878075.0
시흥3동 우편취급국,FEMALE,31452063.0
시흥4동주민센터(서울신흥초등학교),MALE,2535880798.0
시흥4동주민센터(서울신흥초등학교),FEMALE,1885556156.0
시흥동 은행나무사거리,MALE,4171234164.0
시흥동 은행나무사거리,FEMALE,3015273377.0
시흥초등학교(시흥1동우체국),MALE,3808430858.0
시흥초등학교(시흥1동우체국),FEMALE,2400910421.0
신곡종합시장(신월6동 골목시장),MALE,1409703800.0
신곡종합시장(신월6동 골목시장),FEMALE,1031879479.0
신곡초등학교,MALE,627247807.0
신곡초등학교,FEMALE,372796393.0
신광명마을,MALE,253780367.0
신광명마을,FEMALE,69491682.0
신구중학교,MALE,3887543449.0
신구중학교,FEMALE,3045764082.0
신금호역 4번,MALE,1058214673.0
신금호역 4번,FEMALE,687409721.0
신금호역 골목형상점가,MALE,4003008814.0
신금호역 골목형상점가,FEMALE,3208449532.0
신길2동우편취급국,MALE,4006974826.0
신길2동우편취급국,FEMALE,2458575007.0
신길3동주민센터,MALE,2272499199.0
신길3동주민센터,FEMALE,1481540257.0
신길6동주민센터,MALE,4417863409.0
신길6동주민센터,FEMALE,2767855853.0
신길동홍어거리,MALE,892054792.0
신길동홍어거리,FEMALE,369796760.0
신길새마을금고신길4동지점,MALE,195185500.0
신길새마을금고신길4동지점,FEMALE,126030782.0
신길역 3번,MALE,395825475.0
신길역 3번,FEMALE,135328886.0
신내1동주민센터,MALE,16406214036.0
신내1동주민센터,FEMALE,12699206044.0
신내역 1번,MALE,1108645999.0
신내역 1번,FEMALE,663276370.0
신노량진시장(기능상실),MALE,580229238.0
신노량진시장(기능상실),FEMALE,356747374.0
신논현역,MALE,102146476082.0
신논현역,FEMALE,69758346765.0
신논현역 1번,MALE,5140189228.0
신논현역 1번,FEMALE,3244623002.0
신당 미래유산 먹거리 골목형상점가,MALE,4651334229.0
신당 미래유산 먹거리 골목형상점가,FEMALE,4377720069.0
신당역,MALE,29890294151.0
신당역,FEMALE,21159550163.0
신당역 3번,MALE,4734950477.0
신당역 3번,FEMALE,4155759484.0
신대림초등학교,MALE,420714899.0
신대림초등학교,FEMALE,269209540.0
신대방1동골목상권,MALE,3165941500.0
신대방1동골목상권,FEMALE,2778157662.0
신대방삼거리역,MALE,19338292952.0
신대방삼거리역,FEMALE,13915546998.0
신대방삼거리역 1번,MALE,201915594.0
신대방삼거리역 1번,FEMALE,244812201.0
신대방삼거리역 3번,MALE,669422796.0
신대방삼거리역 3번,FEMALE,638568607.0
신대방역 1번,MALE,1465575076.0
신대방역 1번,FEMALE,1176630456.0
신대방역 2번,MALE,12209154603.0
신대방역 2번,FEMALE,6938742083.0
신대방역 3번,MALE,217762261.0
신대방역 3번,FEMALE,113505704.0
신대방역 4번,MALE,6275011013.0
신대방역 4번,FEMALE,3519729778.0
신도림역,MALE,23901635023.0
신도림역,FEMALE,18749554022.0
신도봉시장,MALE,427921016.0
신도봉시장,FEMALE,248521056.0
신동시장,MALE,20656664.0
신동시장,FEMALE,7172955.0
신림역 1번,MALE,1096374934.0
신림역 1번,FEMALE,997120284.0
"신림역 5번(신림동주민센터, 신림동별빛거리)",MALE,11388414024.0
"신림역 5번(신림동주민센터, 신림동별빛거리)",FEMALE,5685715290.0
신림역 8번,MALE,9494739396.0
신림역 8번,FEMALE,5501183601.0
신림역(신림),MALE,50821256746.0
신림역(신림),FEMALE,32665900215.0
신림우방아파트,MALE,156701027.0
신림우방아파트,FEMALE,73456910.0
신림초등학교,MALE,123770217.0
신림초등학교,FEMALE,72478177.0
신림현대아파트,MALE,763840460.0
신림현대아파트,FEMALE,508703327.0
신림현대종합상가,MALE,118650073.0
신림현대종합상가,FEMALE,171920103.0
신목동역,MALE,1204729.0
신목동역,FEMALE,576455.0
신묵초등학교,MALE,2913691883.0
신묵초등학교,FEMALE,2121195216.0
신방화역 2번,MALE,10081012933.0
신방화역 2번,FEMALE,6780122649.0
신방화역 8번,MALE,1139228110.0
신방화역 8번,FEMALE,421881154.0
신사1동주민센터,MALE,3465367932.0
신사1동주민센터,FEMALE,2396058678.0
신사역,MALE,71332969296.0
신사역,FEMALE,49416269397.0
신사은행나무공원,MALE,823905505.0
신사은행나무공원,FEMALE,576189850.0
신서초등학교,MALE,2514568295.0
신서초등학교,FEMALE,1572879958.0
신설동역,MALE,36660042708.0
신설동역,FEMALE,18764836332.0
신설동역 12번,MALE,761653236.0
신설동역 12번,FEMALE,424911947.0
신설동역 9번,MALE,813069330.0
신설동역 9번,FEMALE,277289989.0
신성시장(신성골목시장),MALE,1973702246.0
신성시장(신성골목시장),FEMALE,872851089.0
신성초등학교,MALE,4505270866.0
신성초등학교,FEMALE,2190983131.0
신수동주민센터,MALE,315732876.0
신수동주민센터,FEMALE,309180979.0
신아타운,MALE,426964796.0
신아타운,FEMALE,456705855.0
신영시장,MALE,2212517364.0
신영시장,FEMALE,1642881227.0
신용산역(용산역),MALE,54077770628.0
신용산역(용산역),FEMALE,41332764246.0
신원동주민센터,MALE,9287907405.0
신원동주민센터,FEMALE,5366209720.0
신원시장,MALE,3662901310.0
신원시장,FEMALE,2065232359.0
신월1동우편취급국,MALE,6787809164.0
신월1동우편취급국,FEMALE,3589747697.0
신월1동주민센터,MALE,3267044695.0
신월1동주민센터,FEMALE,1415531706.0
신월1파출소,MALE,1911638389.0
신월1파출소,FEMALE,595334906.0
신월2동주민센터,MALE,397415332.0
신월2동주민센터,FEMALE,308318606.0
신월3동주민센터,MALE,3248092497.0
신월3동주민센터,FEMALE,2172065952.0
신월4동주민센터,MALE,1683052902.0
신월4동주민센터,FEMALE,831050784.0
"신월7동 골목시장(약수시장, 우성상가)",MALE,240968725.0
"신월7동 골목시장(약수시장, 우성상가)",FEMALE,94554188.0
신월7동주민센터,MALE,2749202644.0
신월7동주민센터,FEMALE,1465128965.0
신월문화체육센터,MALE,3644052622.0
신월문화체육센터,FEMALE,2427184751.0
신월시영아파트중문,MALE,58070379.0
신월시영아파트중문,FEMALE,36626026.0
신월중앙시장,MALE,1798897056.0
신월중앙시장,FEMALE,1277885364.0
신월중학교,MALE,676823193.0
신월중학교,FEMALE,422859120.0
신자초등학교,MALE,3798532282.0
신자초등학교,FEMALE,1964231171.0
신정1동 골목시장(신정제일시장),MALE,1890565670.0
신정1동 골목시장(신정제일시장),FEMALE,911480538.0
신정2동 골목시장(오목교중앙시장),MALE,108640398.0
신정2동 골목시장(오목교중앙시장),FEMALE,73733734.0
신정2동주민센터,MALE,6732978363.0
신정2동주민센터,FEMALE,4934099133.0
신정3동 골목시장,MALE,995137336.0
신정3동 골목시장,FEMALE,718675930.0
신정네거리역,MALE,29397740524.0
신정네거리역,FEMALE,16498141796.0
신정네거리역 4번,MALE,1275055084.0
신정네거리역 4번,FEMALE,605759494.0
신정롯데캐슬아파트,MALE,6460223347.0
신정롯데캐슬아파트,FEMALE,4450261083.0
신정역 1번,MALE,414826985.0
신정역 1번,FEMALE,293236787.0
신정역 5번,MALE,1953251479.0
신정역 5번,FEMALE,1074794697.0
신중초등학교,MALE,592080220.0
신중초등학교,FEMALE,365895150.0
신진과학기술고등학교,MALE,1138748614.0
신진과학기술고등학교,FEMALE,651267710.0
신창초등학교,MALE,5478798157.0
신창초등학교,FEMALE,3506735337.0
신촌 상인회(신촌상점가),MALE,1203899294.0
신촌 상인회(신촌상점가),FEMALE,1342982700.0
신촌역 6번,MALE,471455669.0
신촌역 6번,FEMALE,334385148.0
"신촌역(신촌역, 신촌로터리)",MALE,92949322520.0
"신촌역(신촌역, 신촌로터리)",FEMALE,87383611511.0
신풍역 1번,MALE,8251939291.0
신풍역 1번,FEMALE,4842095147.0
신풍역 2번,MALE,923401773.0
신풍역 2번,FEMALE,412604072.0
신풍역 3번,MALE,772020044.0
신풍역 3번,FEMALE,404422197.0
신한은행 방학동지점,MALE,1690363731.0
신한은행 방학동지점,FEMALE,716572337.0
신한은행 신월동지점,MALE,11008933450.0
신한은행 신월동지점,FEMALE,6362721580.0
신흥시장,MALE,1742216029.0
신흥시장,FEMALE,2687039427.0
쌍문2동우체국,MALE,5486182827.0
쌍문2동우체국,FEMALE,3874549678.0
쌍문시장(쌍문역골목시장),MALE,8793090052.0
쌍문시장(쌍문역골목시장),FEMALE,8110382676.0
쌍문역1번(쌍리단길),MALE,4742574450.0
쌍문역1번(쌍리단길),FEMALE,4747889173.0
쌍문역동측상점가,MALE,9696961446.0
쌍문역동측상점가,FEMALE,7661366687.0
쌍문역둘리상점가,MALE,6250815871.0
쌍문역둘리상점가,FEMALE,4167811463.0
쌍문초등학교,MALE,595984706.0
쌍문초등학교,FEMALE,379069225.0
아래방죽마을공원(율현초등학교),MALE,618756349.0
아래방죽마을공원(율현초등학교),FEMALE,639397402.0
아차산역,MALE,22324158459.0
아차산역,FEMALE,18062475329.0
아차산역 1번,MALE,3979182867.0
아차산역 1번,FEMALE,2383870731.0
아카데미하우스,MALE,4369942612.0
아카데미하우스,FEMALE,4609939498.0
아현가구거리상점가,MALE,1639830432.0
아현가구거리상점가,FEMALE,661725066.0
아현시장,MALE,2142940186.0
아현시장,FEMALE,1800359796.0
아현역 1번,MALE,1436044157.0
아현역 1번,FEMALE,965226077.0
아현역 2번,MALE,2333281184.0
아현역 2번,FEMALE,1136589616.0
아현역 4번,MALE,459636113.0
아현역 4번,FEMALE,29106069.0
안암역,MALE,10028936455.0
안암역,FEMALE,7885650187.0
안암역 2번,MALE,10109240841.0
안암역 2번,FEMALE,8923515263.0
안암역 3번,MALE,22348095469.0
안암역 3번,FEMALE,13995029188.0
암사동성당(효정하나플러스아파트),MALE,2871923943.0
암사동성당(효정하나플러스아파트),FEMALE,1642663817.0
암사역,MALE,24406809746.0
암사역,FEMALE,16290911396.0
암사역 1번,MALE,5563800962.0
암사역 1번,FEMALE,3230119025.0
암사역 2번(서울강동초등학교),MALE,10617528349.0
암사역 2번(서울강동초등학교),FEMALE,5908159628.0
암사역 3번(천호동자전거거리),MALE,6001133064.0
암사역 3번(천호동자전거거리),FEMALE,2366275254.0
암사역 4번(삼성광나루아파트),MALE,1033677565.0
암사역 4번(삼성광나루아파트),FEMALE,740628370.0
암사종합시장,MALE,6474350557.0
암사종합시장,FEMALE,5835128746.0
압구정로데오역(압구정로데오),MALE,74038834390.0
압구정로데오역(압구정로데오),FEMALE,63352917965.0
압구정역,MALE,34776167918.0
압구정역,FEMALE,30605145728.0
약수시장,MALE,6829856591.0
약수시장,FEMALE,4043204395.0
약수역,MALE,24361637731.0
약수역,FEMALE,17216879827.0
약수역 7번,MALE,2600836704.0
약수역 7번,FEMALE,1428667361.0
양목초등학교,MALE,264283401.0
양목초등학교,FEMALE,109642479.0
양원초등학교,MALE,765910580.0
양원초등학교,FEMALE,219355499.0
양재근린공원(양재2동주민센터),MALE,205930103.0
양재근린공원(양재2동주민센터),FEMALE,149943763.0
"양재시민의숲역(양재동꽃시장, aT센터)",MALE,27152482067.0
"양재시민의숲역(양재동꽃시장, aT센터)",FEMALE,14106118985.0
양재시장,MALE,2685284520.0
양재시장,FEMALE,1134355801.0
양재역,MALE,60615082229.0
양재역,FEMALE,38830241470.0
양재역 8번(양재동우체국),MALE,20595682698.0
양재역 8번(양재동우체국),FEMALE,10498632433.0
양재천카페거리,MALE,8308672626.0
양재천카페거리,FEMALE,5739473416.0
양재화물트럭터미널앞,MALE,3337862770.0
양재화물트럭터미널앞,FEMALE,1676625878.0
양지어린이공원,MALE,2107444269.0
양지어린이공원,FEMALE,1135859376.0
양천향교역 2번,MALE,1884571943.0
양천향교역 2번,FEMALE,1244417583.0
양천향교역 5번,MALE,5225474848.0
양천향교역 5번,FEMALE,2197773896.0
양천향교역 7번,MALE,8886042959.0
양천향교역 7번,FEMALE,5813785175.0
양평역,MALE,3303225859.0
양평역,FEMALE,1445656053.0
양평역 2번,MALE,5335384977.0
양평역 2번,FEMALE,3859126058.0
양화대교북단,MALE,689072472.0
양화대교북단,FEMALE,851812508.0
양화초등학교,MALE,239501102.0
양화초등학교,FEMALE,300015513.0
어린이대공원역,MALE,21810745469.0
어린이대공원역,FEMALE,15194734373.0
어린이대공원역 3번,MALE,3001228458.0
어린이대공원역 3번,FEMALE,1692337556.0
어린이대공원역 4번,MALE,1218609306.0
어린이대공원역 4번,FEMALE,860701611.0
언남고등학교,MALE,333048906.0
언남고등학교,FEMALE,463545691.0
언북중학교,MALE,2085457709.0
언북중학교,FEMALE,1652738902.0
언북초등학교,MALE,899076194.0
언북초등학교,FEMALE,791004438.0
언주역 3번,MALE,5277056565.0
언주역 3번,FEMALE,2662536827.0
언주역 6번,MALE,427338056.0
언주역 6번,FEMALE,258277552.0
언주역(차병원),MALE,17788680437.0
언주역(차병원),FEMALE,11165290927.0
언주중학교,MALE,21702326.0
언주중학교,FEMALE,13644691.0
여의도역(여의도),MALE,159970260763.0
여의도역(여의도),FEMALE,103721397089.0
역삼역,MALE,119357890962.0
역삼역,FEMALE,70507819250.0
역삼역 4번,MALE,321536018.0
역삼역 4번,FEMALE,168803014.0
역삼역 8번,MALE,1022253478.0
역삼역 8번,FEMALE,515477956.0
역삼월드메르디앙아파트,MALE,37171812.0
역삼월드메르디앙아파트,FEMALE,31447769.0
역촌노인복지관,MALE,3356749109.0
역촌노인복지관,FEMALE,2682287162.0
역촌역 2번,MALE,227837248.0
역촌역 2번,FEMALE,104620244.0
역촌역 3번,MALE,2115710827.0
역촌역 3번,FEMALE,1194387323.0
연가초등학교,MALE,267126159.0
연가초등학교,FEMALE,138854094.0
연남동(홍대),MALE,78485535402.0
연남동(홍대),FEMALE,94071905281.0
연산군묘,MALE,587544069.0
연산군묘,FEMALE,554263309.0
연서시장,MALE,7950203801.0
연서시장,FEMALE,6752239971.0
연신내상점가(연빛거리),MALE,47402983230.0
연신내상점가(연빛거리),FEMALE,31826220849.0
연신내역,MALE,11644855841.0
연신내역,FEMALE,8745501605.0
연신내역 2번,MALE,2646478863.0
연신내역 2번,FEMALE,1403387539.0
연신내역 3번,MALE,427343198.0
연신내역 3번,FEMALE,390130624.0
연신내역 4번,MALE,4963650920.0
연신내역 4번,FEMALE,2960093924.0
연신내역 5번,MALE,4937735076.0
연신내역 5번,FEMALE,3526005455.0
연신내역 7번,MALE,4519649644.0
연신내역 7번,FEMALE,3052152055.0
연신내우체국,MALE,1288899414.0
연신내우체국,FEMALE,947322259.0
연신초등학교,MALE,453016470.0
연신초등학교,FEMALE,255034261.0
연천초등학교,MALE,285636666.0
연천초등학교,FEMALE,171294415.0
연트럴파크(연남동주민센터),MALE,3030628085.0
연트럴파크(연남동주민센터),FEMALE,4971097854.0
연희대우아파트앞,MALE,3665150012.0
연희대우아파트앞,FEMALE,4140221408.0
연희동,MALE,27651958647.0
연희동,FEMALE,26722771413.0
연희사러가,MALE,148317512.0
연희사러가,FEMALE,174083268.0
연희세브란스병원,MALE,919571519.0
연희세브란스병원,FEMALE,1677156941.0
연희어린이공원,MALE,60182972.0
연희어린이공원,FEMALE,116032081.0
연희임광아파트,MALE,1170933355.0
연희임광아파트,FEMALE,1264099921.0
연희초등학교,MALE,457887423.0
연희초등학교,FEMALE,362955281.0
연희파출소,MALE,3054518902.0
연희파출소,FEMALE,2825615397.0
열정도,MALE,6978321519.0
열정도,FEMALE,5186361580.0
염곡동 구룡사(포이동성당),MALE,8903606720.0
염곡동 구룡사(포이동성당),FEMALE,4291336414.0
염창무학아파트,MALE,1033865454.0
염창무학아파트,FEMALE,484127475.0
염창역 2번,MALE,1599243117.0
염창역 2번,FEMALE,834748138.0
영동교골목시장,MALE,416775131.0
영동교골목시장,FEMALE,104494638.0
영동대교남단교차로,MALE,4736588439.0
영동대교남단교차로,FEMALE,2842807130.0
영동전통시장,MALE,19003243232.0
영동전통시장,FEMALE,9251326712.0
영동초등학교,MALE,1832748902.0
영동초등학교,FEMALE,1045750807.0
영등포구청역,MALE,39323487715.0
영등포구청역,FEMALE,22857670268.0
영등포구청역 2번,MALE,3801941782.0
영등포구청역 2번,FEMALE,3935490322.0
영등포구청역 6번,MALE,3230242232.0
영등포구청역 6번,FEMALE,1658588648.0
영등포동성당,MALE,238138826.0
영등포동성당,FEMALE,129091004.0
영등포본동주민센터,MALE,126124482.0
영등포본동주민센터,FEMALE,104384164.0
영등포시장기계공구상가,MALE,827189337.0
영등포시장기계공구상가,FEMALE,513702662.0
영등포시장역 1번,MALE,2620658484.0
영등포시장역 1번,FEMALE,1527573868.0
영등포시장역 3번,MALE,592364022.0
영등포시장역 3번,FEMALE,284150131.0
영등포시장역 4번,MALE,1022260300.0
영등포시장역 4번,FEMALE,497006668.0
영등포역 2번,MALE,3922853771.0
영등포역 2번,FEMALE,2175203104.0
영등포역(영등포),MALE,127384939612.0
영등포역(영등포),FEMALE,91833109022.0
영등포역지하도상점가,MALE,11092013324.0
영등포역지하도상점가,FEMALE,8477914230.0
영등포유통상가,MALE,2940931347.0
영등포유통상가,FEMALE,2371544908.0
영등포전통시장,MALE,3738297496.0
영등포전통시장,FEMALE,1144812868.0
영등포청과시장(조광시장),MALE,2280417540.0
영등포청과시장(조광시장),FEMALE,928500491.0
영등포청과시장교차로,MALE,2677603744.0
영등포청과시장교차로,FEMALE,1647039489.0
영등포푸르지오아파트,MALE,1462198948.0
영등포푸르지오아파트,FEMALE,751070831.0
영락고등학교,MALE,2940786879.0
영락고등학교,FEMALE,1123920351.0
영림시장,MALE,12741971596.0
영림시장,FEMALE,6490641749.0
영서중학교,MALE,80384173.0
영서중학교,FEMALE,80745633.0
영신상가(제일상가),MALE,546933651.0
영신상가(제일상가),FEMALE,188711513.0
영신여고,MALE,1429817130.0
영신여고,FEMALE,1621156699.0
영신초등학교,MALE,7522801791.0
영신초등학교,FEMALE,4354175582.0
영중로,MALE,4869815409.0
영중로,FEMALE,2889547333.0
영진시장A동,MALE,9708634.0
영진시장A동,FEMALE,18991009.0
영천시장,MALE,2911451204.0
영천시장,FEMALE,1915198482.0
영천시장입구,MALE,477710870.0
영천시장입구,FEMALE,267980348.0
예일여고,MALE,1210468757.0
예일여고,FEMALE,1228540385.0
오!도봉거리 상점가,MALE,536406357.0
오!도봉거리 상점가,FEMALE,375470548.0
오거리공원,MALE,1960813569.0
오거리공원,FEMALE,1284446055.0
오금공원(오주중학교),MALE,639905931.0
오금공원(오주중학교),FEMALE,350200139.0
오금역,MALE,11563445894.0
오금역,FEMALE,6792017237.0
오금역 4번,MALE,43963763.0
오금역 4번,FEMALE,16619891.0
오동나무공원(송파레미니스1단지),MALE,3714732856.0
오동나무공원(송파레미니스1단지),FEMALE,1814435846.0
오류2동버들시장,MALE,7660330743.0
오류2동버들시장,FEMALE,5171894450.0
오류동역,MALE,13128800252.0
오류동역,FEMALE,7664571565.0
오류동역 1번,MALE,605971300.0
오류동역 1번,FEMALE,486662081.0
오류동역 3번,MALE,1324332748.0
오류동역 3번,FEMALE,698597369.0
오류동역 4번,MALE,852206302.0
오류동역 4번,FEMALE,498461481.0
오류시장,MALE,2618835890.0
오류시장,FEMALE,2535150238.0
오류지구대,MALE,1162720046.0
오류지구대,FEMALE,542560703.0
오목교역,MALE,35461681080.0
오목교역,FEMALE,22727527287.0
오산고등학교,MALE,1468847467.0
오산고등학교,FEMALE,618406324.0
오산중학교,MALE,2309586030.0
오산중학교,FEMALE,1406921010.0
옥수역 6번,MALE,3411433745.0
옥수역 6번,FEMALE,2678621122.0
옥수터널,MALE,109025908.0
옥수터널,FEMALE,114694368.0
옥정중학교,MALE,10730865.0
옥정중학교,FEMALE,13716815.0
온수역 1번,MALE,543369580.0
온수역 1번,FEMALE,253663195.0
온수역 5번(온수산업단지),MALE,2537462676.0
온수역 5번(온수산업단지),FEMALE,988046608.0
올림픽대교북단,MALE,7206305232.0
올림픽대교북단,FEMALE,6377504702.0
왕십리도선동상점가,MALE,22134527638.0
왕십리도선동상점가,FEMALE,11944450142.0
왕십리역 9번,MALE,1800235817.0
왕십리역 9번,FEMALE,1194207933.0
왕십리역(왕십리),MALE,18880310656.0
왕십리역(왕십리),FEMALE,14660503575.0
왕십리파출소,MALE,1697282761.0
왕십리파출소,FEMALE,1018585184.0
외대앞역 1번,MALE,13717853760.0
외대앞역 1번,FEMALE,11949945209.0
외대앞역 2번,MALE,1204500132.0
외대앞역 2번,FEMALE,479560411.0
용강동 상점가,MALE,21627499440.0
용강동 상점가,FEMALE,9586396859.0
용강동주민센터,MALE,2007389250.0
용강동주민센터,FEMALE,1968995704.0
용두동신동아아파트,MALE,1308564944.0
용두동신동아아파트,FEMALE,799598363.0
용두사거리,MALE,788920024.0
용두사거리,FEMALE,601849793.0
용두초등학교,MALE,509823902.0
용두초등학교,FEMALE,198981434.0
용두희망어린이공원,MALE,204291804.0
용두희망어린이공원,FEMALE,144360962.0
용마문화복지센터,MALE,3118840586.0
용마문화복지센터,FEMALE,1574466972.0
용마초등학교,MALE,3866832572.0
용마초등학교,FEMALE,1864513571.0
용산구청,MALE,7846244547.0
용산구청,FEMALE,8300589236.0
용산세무서,MALE,310094763.0
용산세무서,FEMALE,134308053.0
용산용문시장,MALE,11272028707.0
용산용문시장,FEMALE,6252328484.0
용산전자상가(용산역),MALE,13458338913.0
용산전자상가(용산역),FEMALE,4801318403.0
우리시장,MALE,741093504.0
우리시장,FEMALE,649240319.0
우리은행응암동지점,MALE,1809753261.0
우리은행응암동지점,FEMALE,1745456914.0
우리은행체육관,MALE,1387055782.0
우리은행체육관,FEMALE,971598485.0
우림골목시장,MALE,10433289457.0
우림골목시장,FEMALE,7264614317.0
우림시장,MALE,587202520.0
우림시장,FEMALE,551745010.0
우면주공아파트,MALE,1579172529.0
우면주공아파트,FEMALE,1162974176.0
우사단길,MALE,5329427157.0
우사단길,FEMALE,3923404857.0
우이골목시장(우이시장),MALE,3928597099.0
우이골목시장(우이시장),FEMALE,2278354280.0
우이천 계성교,MALE,1705126640.0
우이천 계성교,FEMALE,1189806256.0
우장산롯데캐슬아파트앞,MALE,1801658154.0
우장산롯데캐슬아파트앞,FEMALE,1338273880.0
우장산역 1번,MALE,1187445648.0
우장산역 1번,FEMALE,1149178724.0
우장산역 4번,MALE,6288178958.0
우장산역 4번,FEMALE,6263199815.0
우장산힐스테이트,MALE,1343280237.0
우장산힐스테이트,FEMALE,1085628835.0
원남동사거리,MALE,2044238370.0
원남동사거리,FEMALE,1290614038.0
원신초등학교(구세군관악영문교회),MALE,109394283.0
원신초등학교(구세군관악영문교회),FEMALE,59150167.0
월계역 3번,MALE,740993605.0
월계역 3번,FEMALE,942933469.0
월곡역,MALE,11511234760.0
월곡역,FEMALE,11775665616.0
월드순복음교회,MALE,2392778567.0
월드순복음교회,FEMALE,1558763044.0
월드컵경기장역(월드컵경기장),MALE,5027196547.0
월드컵경기장역(월드컵경기장),FEMALE,4545622584.0
월정로시장,MALE,626232040.0
월정로시장,FEMALE,265456625.0
윗방죽마을공원,MALE,3230405177.0
윗방죽마을공원,FEMALE,2379946076.0
유엔빌리지길,MALE,464758107.0
유엔빌리지길,FEMALE,433477175.0
유진상가,MALE,1129956256.0
유진상가,FEMALE,922460194.0
은곡마을(은곡마을공원),MALE,1321698733.0
은곡마을(은곡마을공원),FEMALE,1459459959.0
은마아파트,MALE,20791420112.0
은마아파트,FEMALE,21186079909.0
은천초등학교(은천교앞),MALE,1920347346.0
은천초등학교(은천교앞),FEMALE,1313863510.0
은평구청,MALE,10500285986.0
은평구청,FEMALE,7566273044.0
은평세무서,MALE,6583546614.0
은평세무서,FEMALE,4286512940.0
은평요양병원,MALE,5175078379.0
은평요양병원,FEMALE,2887810839.0
은행나무시장,MALE,2247400855.0
은행나무시장,FEMALE,2037443406.0
은행사거리,MALE,10991267656.0
은행사거리,FEMALE,12152661015.0
을지로2가,MALE,5454134428.0
을지로2가,FEMALE,4958792615.0
을지로3가역,MALE,66959374459.0
을지로3가역,FEMALE,57298980766.0
을지로4가역,MALE,2192369440.0
을지로4가역,FEMALE,1275506519.0
을지로입구역,MALE,48469753210.0
을지로입구역,FEMALE,30228503160.0
응봉산,MALE,71989574.0
응봉산,FEMALE,51388341.0
응암1동주민센터,MALE,1780915249.0
응암1동주민센터,FEMALE,1416596467.0
응암3동주민센터,MALE,2954700764.0
응암3동주민센터,FEMALE,1784464779.0
응암동우체국,MALE,3038561478.0
응암동우체국,FEMALE,1420183526.0
응암시장(신응암시장),MALE,1298046135.0
응암시장(신응암시장),FEMALE,693313926.0
응암역,MALE,5953249100.0
응암역,FEMALE,6470106604.0
응암역 2번,MALE,1161956481.0
응암역 2번,FEMALE,1182631209.0
응암역 3번,MALE,4514362989.0
응암역 3번,FEMALE,2588469379.0
응암오거리상점가,MALE,14656447791.0
응암오거리상점가,FEMALE,6829976721.0
응암정보도서관,MALE,3755774821.0
응암정보도서관,FEMALE,2328949855.0
의릉,MALE,1563169092.0
의릉,FEMALE,898475726.0
이경시장,MALE,757463031.0
이경시장,FEMALE,376273328.0
이대 앞 스타트업 상점가,MALE,488572193.0
이대 앞 스타트업 상점가,FEMALE,1841357994.0
이대역 5번,MALE,1641298436.0
이대역 5번,FEMALE,1737370957.0
이문제일시장,MALE,421219764.0
이문제일시장,FEMALE,189726964.0
이북5도청사,MALE,1104409694.0
이북5도청사,FEMALE,644725976.0
이수역 10번,MALE,2073885049.0
이수역 10번,FEMALE,1394576909.0
이수역 5번,MALE,1826122308.0
이수역 5번,FEMALE,1003658468.0
이수역 9번,MALE,2614516759.0
이수역 9번,FEMALE,2218549728.0
이촌종합시장,MALE,7587748940.0
이촌종합시장,FEMALE,5660414644.0
이태원 관광특구,MALE,115043166891.0
이태원 관광특구,FEMALE,85046458246.0
이태원(이태원역),MALE,117286554908.0
이태원(이태원역),FEMALE,74903840816.0
이태원시장,MALE,1529172449.0
이태원시장,FEMALE,1033530067.0
이태원엔틱가구거리,MALE,894430806.0
이태원엔틱가구거리,FEMALE,1179896930.0
이화달팽이길,MALE,961783462.0
이화달팽이길,FEMALE,737346994.0
이화사거리,MALE,6296756745.0
이화사거리,FEMALE,5487260426.0
"이화여대 3,5,7길 상점가",MALE,5874939053.0
"이화여대 3,5,7길 상점가",FEMALE,19768304748.0
"이화여대(이대역, 이대)",MALE,8257159253.0
"이화여대(이대역, 이대)",FEMALE,13346035351.0
인사동,MALE,35993507677.0
인사동,FEMALE,35854167915.0
인수동 우편취급국,MALE,573065304.0
인수동 우편취급국,FEMALE,347402471.0
인수중학교,MALE,10775000.0
인수중학교,FEMALE,8003606.0
인왕시장(홍제골목형상점가),MALE,7246096528.0
인왕시장(홍제골목형상점가),FEMALE,5043837733.0
인헌고등학교(인헌중학교),MALE,1133213530.0
인헌고등학교(인헌중학교),FEMALE,848610141.0
인헌시장(원당종합시장),MALE,5180450461.0
인헌시장(원당종합시장),FEMALE,4083345597.0
인현시장,MALE,12760827546.0
인현시장,FEMALE,4598135877.0
자동차부품상가,MALE,122370669.0
자동차부품상가,FEMALE,9119075.0
자양4동주민센터,MALE,1899952631.0
자양4동주민센터,FEMALE,1152649997.0
자양골목전통시장(자양골목시장),MALE,2460063118.0
자양골목전통시장(자양골목시장),FEMALE,2051483368.0
자양동우체국,MALE,2363300076.0
자양동우체국,FEMALE,1521849412.0
자양한강도서관,MALE,5824351896.0
자양한강도서관,FEMALE,3592891286.0
자하문터널,MALE,1561414911.0
자하문터널,FEMALE,2126452144.0
잠실 관광특구,MALE,158067127988.0
잠실 관광특구,FEMALE,143150049908.0
잠실나루역,MALE,500344418.0
잠실나루역,FEMALE,571479517.0
잠실새내역(신천),MALE,97321483159.0
잠실새내역(신천),FEMALE,74568761276.0
잠실역,MALE,67673182584.0
잠실역,FEMALE,80565290129.0
잠원역,MALE,235794308.0
잠원역,FEMALE,541823829.0
장곡초등학교,MALE,2964249592.0
장곡초등학교,FEMALE,1689792702.0
장로회신학대학교,MALE,878755221.0
장로회신학대학교,FEMALE,692981478.0
장미원골목시장,MALE,1941319536.0
장미원골목시장,FEMALE,889741220.0
장미제일시장(중화동제일시장),MALE,470106922.0
장미제일시장(중화동제일시장),FEMALE,355346915.0
장스여성병원,MALE,5479520903.0
장스여성병원,FEMALE,3192913172.0
장승배기역,MALE,6128441159.0
장승배기역,FEMALE,3674629998.0
장승배기역 4번,MALE,5546755807.0
장승배기역 4번,FEMALE,3633303783.0
장승배기역 5번,MALE,187347241.0
장승배기역 5번,FEMALE,154580101.0
장신구 특화거리 상점가,MALE,591223497.0
장신구 특화거리 상점가,FEMALE,310069284.0
장안1동주민센터,MALE,12153331568.0
장안1동주민센터,FEMALE,6279724049.0
장안근린공원,MALE,8972188827.0
장안근린공원,FEMALE,4136250623.0
장안동사거리,MALE,28533559450.0
장안동사거리,FEMALE,19705266644.0
장안제일시장,MALE,4905327948.0
장안제일시장,FEMALE,2508288692.0
장안중학교,MALE,1371657733.0
장안중학교,FEMALE,1013856662.0
장안초등학교,MALE,16099736.0
장안초등학교,FEMALE,34171621.0
장안현대홈타운1차아파트,MALE,3873123567.0
장안현대홈타운1차아파트,FEMALE,2413198549.0
장위1동주민센터,MALE,504641264.0
장위1동주민센터,FEMALE,369766754.0
장위동성당,MALE,2780615.0
장위동성당,FEMALE,0.0
장위전통시장,MALE,589626055.0
장위전통시장,FEMALE,487811206.0
장지동주민센터(한림연예예술고교),MALE,1717440813.0
장지동주민센터(한림연예예술고교),FEMALE,1340893601.0
장지역(가든파이브),MALE,19064754764.0
장지역(가든파이브),FEMALE,17156245341.0
장충단 고개,MALE,4662882989.0
장충단 고개,FEMALE,3966739573.0
장충동족발거리(남소영길),MALE,11112793257.0
장충동족발거리(남소영길),FEMALE,9328168925.0
장충동주민센터,MALE,457555219.0
장충동주민센터,FEMALE,352509032.0
장충초등학교,MALE,4353119527.0
장충초등학교,FEMALE,2020836864.0
장평중학교,MALE,3260863643.0
장평중학교,FEMALE,1729236362.0
장한평역(장한평),MALE,40639619412.0
장한평역(장한평),FEMALE,19990653260.0
장훈고등학교,MALE,3228347277.0
장훈고등학교,FEMALE,1713759844.0
전곡마을마당공원,MALE,1852444193.0
전곡마을마당공원,FEMALE,972950116.0
전곡시장,MALE,1590749839.0
전곡시장,FEMALE,1202966343.0
전농119안전센터,MALE,615030264.0
전농119안전센터,FEMALE,297248066.0
전농1동주민센터(전농시장),MALE,169439378.0
전농1동주민센터(전농시장),FEMALE,89948869.0
전농로터리시장,MALE,1679769261.0
전농로터리시장,FEMALE,1436045670.0
전농중학교,MALE,2505169388.0
전농중학교,FEMALE,1682354209.0
절두산순교성지,MALE,74842824.0
절두산순교성지,FEMALE,66709918.0
정곡초등학교,MALE,234515062.0
정곡초등학교,FEMALE,121885456.0
정독도서관,MALE,208966242.0
정독도서관,FEMALE,245298930.0
정릉3동주민센터,MALE,1152256913.0
정릉3동주민센터,FEMALE,723786014.0
정릉골 골목형상점가,MALE,1237869724.0
정릉골 골목형상점가,FEMALE,806555692.0
정릉북한산국립공원입구,MALE,455033194.0
정릉북한산국립공원입구,FEMALE,224982238.0
정릉시장,MALE,7448434326.0
정릉시장,FEMALE,4987916009.0
정릉아리랑시장,MALE,965803755.0
정릉아리랑시장,FEMALE,814404331.0
정릉역 1번,MALE,3586865653.0
정릉역 1번,FEMALE,3053070588.0
정릉역 2번,MALE,2207390281.0
정릉역 2번,FEMALE,1567255771.0
정릉우체국,MALE,2859559001.0
정릉우체국,FEMALE,2246577517.0
정원여중,MALE,282155308.0
정원여중,FEMALE,163401294.0
제기동역 6번,MALE,8611758921.0
제기동역 6번,FEMALE,6125242791.0
제일시장,MALE,8216402287.0
제일시장,FEMALE,11147704231.0
조원동 펭귄시장(신림중앙시장),MALE,812055622.0
조원동 펭귄시장(신림중앙시장),FEMALE,559718376.0
조원동주민센터,MALE,930706956.0
조원동주민센터,FEMALE,542314676.0
종각역,MALE,124750292289.0
종각역,FEMALE,82554995993.0
종로·청계 관광특구,MALE,163364865017.0
종로·청계 관광특구,FEMALE,100116889715.0
종로3가역,MALE,164313982975.0
종로3가역,FEMALE,97158615408.0
종로4가,MALE,4137354046.0
종로4가,FEMALE,2247945542.0
종로5가역,MALE,23806324714.0
종로5가역,FEMALE,11449892950.0
종로5가역 4번,MALE,13777218.0
종로5가역 4번,FEMALE,5957070.0
종로6가,MALE,4555122748.0
종로6가,FEMALE,2782003557.0
종로구청,MALE,21958708932.0
종로구청,FEMALE,15762262954.0
종로신진시장,MALE,13227659026.0
종로신진시장,FEMALE,7748307498.0
종암경찰서,MALE,9977076960.0
종암경찰서,FEMALE,6603138159.0
종암동주민센터,MALE,4200235806.0
종암동주민센터,FEMALE,3753943050.0
종암아이파크2차,MALE,1868318664.0
종암아이파크2차,FEMALE,1422901213.0
종암중학교,MALE,4177379366.0
종암중학교,FEMALE,2853342140.0
종암초등학교,MALE,1779403405.0
종암초등학교,FEMALE,888094937.0
중계초등학교,MALE,853770628.0
중계초등학교,FEMALE,717363837.0
중곡1동 마을마당,MALE,2581283886.0
중곡1동 마을마당,FEMALE,1050070116.0
중곡1동주민센터,MALE,497729095.0
중곡1동주민센터,FEMALE,87137297.0
중곡3동주민센터,MALE,3741034238.0
중곡3동주민센터,FEMALE,1770196272.0
중곡어린이공원,MALE,2447632730.0
중곡어린이공원,FEMALE,1383373547.0
중곡역 3번,MALE,3592413661.0
중곡역 3번,FEMALE,3573975166.0
"중곡제일시장(중곡제일골목시장, 광성시장)",MALE,4929103593.0
"중곡제일시장(중곡제일골목시장, 광성시장)",FEMALE,3348775085.0
중곡초등학교,MALE,2290180748.0
중곡초등학교,FEMALE,1149708705.0
중구청(퇴계로4가),MALE,3330683235.0
중구청(퇴계로4가),FEMALE,1726028203.0
중구회현체육센터(정화예술대남산캠퍼스),MALE,837723751.0
중구회현체육센터(정화예술대남산캠퍼스),FEMALE,530416042.0
중랑노인종합복지관,MALE,4894005460.0
중랑노인종합복지관,FEMALE,2743072405.0
중랑동부시장,MALE,6481139115.0
중랑동부시장,FEMALE,4356957946.0
중랑동부시장(중랑교종합상가),MALE,68276944.0
중랑동부시장(중랑교종합상가),FEMALE,31992640.0
중랑역 1번,MALE,2710433586.0
중랑역 1번,FEMALE,1516033044.0
중랑역 2번,MALE,1462977067.0
중랑역 2번,FEMALE,902026170.0
중랑역 4번,MALE,3024226606.0
중랑역 4번,FEMALE,1782887997.0
중림동,MALE,15007960752.0
중림동,FEMALE,10401768900.0
중부경찰서(영화인의거리),MALE,14335515384.0
중부경찰서(영화인의거리),FEMALE,11842529078.0
중부시장(신중부시장),MALE,4770334519.0
중부시장(신중부시장),FEMALE,1698130536.0
중암중학교,MALE,91961508.0
중암중학교,FEMALE,50611000.0
중앙고등학교,MALE,1895970300.0
중앙고등학교,FEMALE,2022372042.0
중앙대학교,MALE,10903292747.0
중앙대학교,FEMALE,9732614192.0
중화역 1번,MALE,1484322229.0
중화역 1번,FEMALE,599113170.0
중화역 4번,MALE,5133589275.0
중화역 4번,FEMALE,3221049797.0
증산역 1번,MALE,3851325534.0
증산역 1번,FEMALE,2113590180.0
증산역 3번,MALE,1628477961.0
증산역 3번,FEMALE,1402459936.0
증산역 4번,MALE,521779035.0
증산역 4번,FEMALE,275993529.0
증산종합시장,MALE,813721188.0
증산종합시장,FEMALE,430823189.0
지향초등학교,MALE,50596026.0
지향초등학교,FEMALE,70159556.0
창2동주민센터,MALE,2217852328.0
창2동주민센터,FEMALE,1694803730.0
창덕궁,MALE,1301373681.0
창덕궁,FEMALE,2182348489.0
창동골목시장,MALE,4024487539.0
창동골목시장,FEMALE,2435727775.0
창동신창시장,MALE,2577617055.0
창동신창시장,FEMALE,2214234431.0
창동역,MALE,17286679227.0
창동역,FEMALE,12665665548.0
창동역 2번,MALE,4962004837.0
창동역 2번,FEMALE,3543487395.0
창동역상점가,MALE,16743559279.0
창동역상점가,FEMALE,7534128621.0
창동중학교,MALE,1506375654.0
창동중학교,FEMALE,710166497.0
창신1동주민센터,MALE,240895500.0
창신1동주민센터,FEMALE,99693089.0
창신골목시장,MALE,7840389077.0
창신골목시장,FEMALE,5666007771.0
창신역 4번,MALE,677416292.0
창신역 4번,FEMALE,361393956.0
천동초등학교,MALE,386990821.0
천동초등학교,FEMALE,268137023.0
"천왕역 3번(오류2동주민센터, 서울오류남초등학교)",MALE,481630368.0
"천왕역 3번(오류2동주민센터, 서울오류남초등학교)",FEMALE,311316548.0
천일초등학교,MALE,45175176.0
천일초등학교,FEMALE,29971899.0
천호1동주민센터,MALE,257854088.0
천호1동주민센터,FEMALE,196005364.0
천호공원(해공체육문화센터),MALE,4946281122.0
천호공원(해공체육문화센터),FEMALE,3862838395.0
천호역,MALE,32511892749.0
천호역,FEMALE,22848492170.0
천호역 1번(천호문구완구거리),MALE,2346751541.0
천호역 1번(천호문구완구거리),FEMALE,1235916857.0
천호역 6번,MALE,3283249186.0
천호역 6번,FEMALE,1960046515.0
천호지구대(천호동자전거거리),MALE,3810443724.0
천호지구대(천호동자전거거리),FEMALE,2015467073.0
천호초등학교,MALE,626903263.0
천호초등학교,FEMALE,329911799.0
천호태영아파트,MALE,1092164694.0
천호태영아파트,FEMALE,514112805.0
청계산원터골,MALE,1526733332.0
청계산원터골,FEMALE,910075974.0
청계산입구역 2번(내곡동주민센터),MALE,2656670824.0
청계산입구역 2번(내곡동주민센터),FEMALE,1966079680.0
청계천공구상가,MALE,6199751224.0
청계천공구상가,FEMALE,3971917977.0
청계천박물관,MALE,359163663.0
청계천박물관,FEMALE,75414564.0
청구역 1번,MALE,1916446011.0
청구역 1번,FEMALE,1059759163.0
청구역 3번,MALE,2428059914.0
청구역 3번,FEMALE,1930451598.0
청담근린공원,MALE,38716310.0
청담근린공원,FEMALE,45432262.0
청담사거리(청담동명품거리),MALE,43211229844.0
청담사거리(청담동명품거리),FEMALE,27990682189.0
청담삼익시장,MALE,1079752790.0
청담삼익시장,FEMALE,514730807.0
청담역 12번,MALE,63071225.0
청담역 12번,FEMALE,73031810.0
청량리농수산물시장,MALE,1342531846.0
청량리농수산물시장,FEMALE,860544522.0
청량리수산시장,MALE,1657016.0
청량리수산시장,FEMALE,1559021.0
청량리역(청량리),MALE,17791264099.0
청량리역(청량리),FEMALE,10377370054.0
청량리전통시장,MALE,16509245031.0
청량리전통시장,FEMALE,8469889075.0
청량리종합시장,MALE,1944695618.0
청량리종합시장,FEMALE,1101173319.0
청량리청과물시장,MALE,11240608273.0
청량리청과물시장,FEMALE,5623953054.0
청량종합도매시장,MALE,323241037.0
청량종합도매시장,FEMALE,169893034.0
청량초등학교,MALE,154545255.0
청량초등학교,FEMALE,156457977.0
청룡동주민센터,MALE,868996014.0
청룡동주민센터,FEMALE,620427807.0
청림동주민센터(상도중학교),MALE,61183270.0
청림동주민센터(상도중학교),FEMALE,18540385.0
청와대사랑채,MALE,1351125118.0
청와대사랑채,FEMALE,1782678704.0
체부동홍종문가옥,MALE,33174920.0
체부동홍종문가옥,FEMALE,111455110.0
"총신대입구역(이수, 총신대)",MALE,63245310540.0
"총신대입구역(이수, 총신대)",FEMALE,46594025880.0
총신대학교,MALE,4877081.0
총신대학교,FEMALE,5978149.0
촬영소사거리,MALE,2824530791.0
촬영소사거리,FEMALE,1196294539.0
충무로역,MALE,47621977827.0
충무로역,FEMALE,32300504576.0
충무초등학교,MALE,1313155080.0
충무초등학교,FEMALE,618907341.0
충신시장옆,MALE,890430472.0
충신시장옆,FEMALE,400606446.0
충정로역,MALE,3742243269.0
충정로역,FEMALE,3716913559.0
충정로역 3번,MALE,2617601988.0
충정로역 3번,FEMALE,2051269175.0
충정로역 6번,MALE,2723808556.0
충정로역 6번,FEMALE,1817020508.0
충정로현대아파트,MALE,1191219115.0
충정로현대아파트,FEMALE,745468246.0
코엑스,MALE,19212359970.0
코엑스,FEMALE,18955435716.0
큰굴다리,MALE,349580346.0
큰굴다리,FEMALE,191379750.0
태능엔터피아(태릉시장),MALE,305277007.0
태능엔터피아(태릉시장),FEMALE,173112356.0
태릉시장 특화거리,MALE,4629756316.0
태릉시장 특화거리,FEMALE,2291743383.0
태릉입구역,MALE,13263569243.0
태릉입구역,FEMALE,9290804899.0
태릉입구역 4번,MALE,502798835.0
태릉입구역 4번,FEMALE,562359157.0
텃골근린공원,MALE,443389348.0
텃골근린공원,FEMALE,367798758.0
테크노상가(엘리시움),MALE,390238056.0
테크노상가(엘리시움),FEMALE,1007646098.0
통인시장,MALE,5693527016.0
통인시장,FEMALE,6853090081.0
퇴계로5가,MALE,3012100462.0
퇴계로5가,FEMALE,1702995895.0
투구봉어린이공원,MALE,179423531.0
투구봉어린이공원,FEMALE,150774973.0
평창동동측,MALE,344272458.0
평창동동측,FEMALE,338317607.0
평창동서측,MALE,814485642.0
평창동서측,FEMALE,1017972201.0
포방터시장,MALE,1309846810.0
포방터시장,FEMALE,1089279748.0
포스코사거리,MALE,85964158270.0
포스코사거리,FEMALE,46890015060.0
포이사거리(삼호물산),MALE,31964972830.0
포이사거리(삼호물산),FEMALE,18058839673.0
포이초등학교(개포목련어린이공원),MALE,1848015960.0
포이초등학교(개포목련어린이공원),FEMALE,976783902.0
푸른동산공원,MALE,682970255.0
푸른동산공원,FEMALE,291532386.0
푸른들청소년도서관,MALE,7404930161.0
푸른들청소년도서관,FEMALE,4836778107.0
풍납시장,MALE,3553363548.0
풍납시장,FEMALE,2271001430.0
하나고등학교,MALE,275146516.0
하나고등학교,FEMALE,431754672.0
하나은행 망우동지점,MALE,6607367629.0
하나은행 망우동지점,FEMALE,3874083938.0
학동근린공원,MALE,30699864.0
학동근린공원,FEMALE,49120772.0
학동사거리,MALE,56668750372.0
학동사거리,FEMALE,41609395664.0
학동역,MALE,27117613492.0
학동역,FEMALE,17658976446.0
학동초등학교,MALE,176108286.0
학동초등학교,FEMALE,109364895.0
한강로동땡땡거리(은행나무길),MALE,10966796719.0
한강로동땡땡거리(은행나무길),FEMALE,9234321081.0
한강미주맨션아파트,MALE,2811072831.0
한강미주맨션아파트,FEMALE,1474758984.0
한강성심병원,MALE,2510216653.0
한강성심병원,FEMALE,1024915772.0
한강진역 3번,MALE,5380056796.0
한강진역 3번,FEMALE,6740117591.0
한겨레신문사,MALE,1502194158.0
한겨레신문사,FEMALE,1240292537.0
한국SGI본부,MALE,26144030733.0
한국SGI본부,FEMALE,14675021525.0
한국교통안전공단 강남자동차검사소,MALE,40051595.0
한국교통안전공단 강남자동차검사소,FEMALE,11777746.0
한국상담대학원대학교,MALE,786986128.0
한국상담대학원대학교,FEMALE,469083649.0
한국의류시험연구원,MALE,1007039484.0
한국의류시험연구원,FEMALE,625538677.0
한국폴리텍대학서울정수캠퍼스,MALE,2526079830.0
한국폴리텍대학서울정수캠퍼스,FEMALE,1753103165.0
한남IC,MALE,2353877271.0
한남IC,FEMALE,1558534273.0
한남오거리,MALE,39991812450.0
한남오거리,FEMALE,28159762878.0
한남힐사이드아파트,MALE,280125567.0
한남힐사이드아파트,FEMALE,739476977.0
한성대입구역,MALE,12492273992.0
한성대입구역,FEMALE,11518679931.0
한성대입구역 3번,MALE,3048561170.0
한성대입구역 3번,FEMALE,2158735950.0
한성대입구역 5번,MALE,1119905287.0
한성대입구역 5번,FEMALE,1525359793.0
한성백제역 3번,MALE,2770449813.0
한성백제역 3번,FEMALE,2462497406.0
한아름시장,MALE,532552211.0
한아름시장,FEMALE,447140992.0
한양공고앞 교차로,MALE,517549629.0
한양공고앞 교차로,FEMALE,229806180.0
"한양대앞상점가(한양시장, 왕십리맛골목)",MALE,17329773291.0
"한양대앞상점가(한양시장, 왕십리맛골목)",FEMALE,11512937494.0
한양대역 4번,MALE,804700168.0
한양대역 4번,FEMALE,522853999.0
한영중고,MALE,3241154730.0
한영중고,FEMALE,2996515119.0
한울중학교,MALE,3271933652.0
한울중학교,FEMALE,2513874902.0
한일병원,MALE,752676908.0
한일병원,FEMALE,735772059.0
한티역,MALE,23887748591.0
한티역,FEMALE,21361759261.0
합정역,MALE,43522851274.0
합정역,FEMALE,39629735154.0
합정역 8번,MALE,16593119749.0
합정역 8번,FEMALE,12712510535.0
해방촌 남동측,MALE,7845174852.0
해방촌 남동측,FEMALE,8454546407.0
해방촌예술마을,MALE,422269035.0
해방촌예술마을,FEMALE,573234980.0
해오름공원,MALE,1941505406.0
해오름공원,FEMALE,1086014448.0
행당시장상점가,MALE,17468855783.0
행당시장상점가,FEMALE,12053033054.0
행당역 2번,MALE,3823307810.0
행당역 2번,FEMALE,3112784282.0
혜원여고,MALE,1873105002.0
혜원여고,FEMALE,868169171.0
혜화역 1번,MALE,508756151.0
혜화역 1번,FEMALE,738220285.0
혜회동주민센터,MALE,2613652753.0
혜회동주민센터,FEMALE,2644850210.0
호림박물관(성보고등학교),MALE,254389146.0
호림박물관(성보고등학교),FEMALE,94650863.0
홍대 걷고싶은 거리,MALE,32440132568.0
홍대 걷고싶은 거리,FEMALE,39712354383.0
홍대땡땡거리,MALE,12516942061.0
홍대땡땡거리,FEMALE,10404359771.0
홍대부속여중고앞,MALE,3078997725.0
홍대부속여중고앞,FEMALE,2208456405.0
홍대부중,MALE,1041452106.0
홍대부중,FEMALE,1522192474.0
홍대소상공인상점가,MALE,15598556044.0
홍대소상공인상점가,FEMALE,20462959358.0
홍대입구역 3번,MALE,9324078187.0
홍대입구역 3번,FEMALE,12108973259.0
홍대입구역(홍대),MALE,159196030871.0
홍대입구역(홍대),FEMALE,165339307397.0
홍릉시장,MALE,2046353359.0
홍릉시장,FEMALE,903460620.0
홍연시장,MALE,364759340.0
홍연시장,FEMALE,295015330.0
홍은종합사회복지관,MALE,1164880656.0
홍은종합사회복지관,FEMALE,1123547243.0
홍익대,MALE,295188161.0
홍익대,FEMALE,353865727.0
홍익지구대,MALE,2418889563.0
홍익지구대,FEMALE,1445331596.0
홍제3동주민센터,MALE,3669542017.0
홍제3동주민센터,FEMALE,2486177851.0
홍제역,MALE,14069466250.0
홍제역,FEMALE,10188528641.0
홍제역 2번,MALE,1583761181.0
홍제역 2번,FEMALE,974543212.0
홍제역 3번,MALE,64159534.0
홍제역 3번,FEMALE,30205303.0
홍제역 4번,MALE,3874503350.0
홍제역 4번,FEMALE,2489480208.0
홍파초등학교,MALE,131161015.0
홍파초등학교,FEMALE,66750272.0
화계역 2번,MALE,123069024.0
화계역 2번,FEMALE,62016261.0
화계중학교,MALE,151634484.0
화계중학교,FEMALE,171381649.0
화곡2동주민센터,MALE,2891114971.0
화곡2동주민센터,FEMALE,2190303177.0
화곡4동주민센터,MALE,864484672.0
화곡4동주민센터,FEMALE,561489883.0
화곡보람2차아파트,MALE,219572636.0
화곡보람2차아파트,FEMALE,109746888.0
화곡본동시장,MALE,7407799227.0
화곡본동시장,FEMALE,4815678419.0
화곡역,MALE,24861688947.0
화곡역,FEMALE,20479968517.0
화곡역 2번,MALE,607265027.0
화곡역 2번,FEMALE,427686020.0
화곡역 4번,MALE,5140401512.0
화곡역 4번,FEMALE,3442782677.0
화곡역 5번,MALE,1762244943.0
화곡역 5번,FEMALE,748645794.0
화곡중앙시장,MALE,1388868766.0
화곡중앙시장,FEMALE,975236780.0
화곡초등학교,MALE,3151322389.0
화곡초등학교,FEMALE,1827903659.0
화랑대역 7번,MALE,1041038767.0
화랑대역 7번,FEMALE,888525604.0
화랑대철도공원,MALE,416698077.0
화랑대철도공원,FEMALE,573593598.0
화양사거리,MALE,4732104887.0
화양사거리,FEMALE,2601144136.0
화양제일골목시장,MALE,3092997407.0
화양제일골목시장,FEMALE,2181701298.0
화원어린이공원,MALE,230843078.0
화원어린이공원,FEMALE,120345975.0
화원중학교,MALE,2958671705.0
화원중학교,FEMALE,1737164369.0
황학동벼룩시장,MALE,546680494.0
황학동벼룩시장,FEMALE,226137722.0
황학동주방가구거리상점가,MALE,786323267.0
황학동주방가구거리상점가,FEMALE,467896211.0
"황학시장(서울중앙시장, 신중앙시장)",MALE,4370360470.0
"황학시장(서울중앙시장, 신중앙시장)",FEMALE,2942503629.0
황학코아루아파트,MALE,3367679391.0
황학코아루아파트,FEMALE,2376702989.0
회기시장,MALE,2099149089.0
회기시장,FEMALE,1919945133.0
회기역,MALE,12211333232.0
회기역,FEMALE,8914878553.0
회기역 1번,MALE,514020094.0
회기역 1번,FEMALE,351570655.0
회기역 2번,MALE,87906610.0
회기역 2번,FEMALE,32212944.0
회현역,MALE,9803759384.0
회현역,FEMALE,5926301218.0
회현역 1번,MALE,536779050.0
회현역 1번,FEMALE,306301205.0
효창공원앞역 2번,MALE,1845333076.0
효창공원앞역 2번,FEMALE,1624222379.0
효창공원앞역 5번,MALE,6566940082.0
효창공원앞역 5번,FEMALE,3276639480.0
효창공원앞역 6번,MALE,736692685.0
효창공원앞역 6번,FEMALE,556828536.0
효창동주민센터,MALE,696335696.0
효창동주민센터,FEMALE,663411605.0
후암동주민센터,MALE,6852027570.0
후암동주민센터,FEMALE,5963334062.0
후암시장,MALE,1694657038.0
후암시장,FEMALE,913396100.0
휘문고교사거리,MALE,1603285564.0
휘문고교사거리,FEMALE,1125698637.0
흑리단길,MALE,4141595943.0
흑리단길,FEMALE,3314153723.0
흑석시장,MALE,763467494.0
흑석시장,FEMALE,500340327.0
